0,6593362,6593382,21,468.7,360.5,413.0,357.7,1.46,129
0,6593685,6593709,25,423.2,355.5,499.7,414.5,2.54,182
0,6594198,6594203,6,507.1,412.7,502.3,406.2,0.21,38
1,6601849,6601864,16,509.5,412.8,496.0,403.0,0.44,57
1,6604026,6604031,6,509.3,419.1,500.2,415.7,0.26,40
1,6605988,6606019,32,490.0,422.2,592.3,515.0,3.64,193
1,6606228,6606264,37,588.2,516.4,601.8,291.4,5.96,298
1,6606550,6606577,28,603.0,313.4,498.4,258.4,3.10,220
1,6606757,6606784,28,505.1,255.6,465.4,257.7,1.04,155
2,6608169,6608179,11,512.6,437.0,514.7,415.0,0.59,61
2,6608559,6608750,192,519.4,415.2,524.1,470.6,1.47,525
2,6608955,6608962,8,524.9,425.3,529.8,414.2,0.32,44
2,6609374,6609383,10,524.5,425.3,515.5,407.0,0.54,59
2,6610505,6610512,8,515.8,397.3,506.7,390.1,0.31,42
2,6613360,6613390,31,500.1,424.8,556.1,513.8,2.78,165
2,6613814,6613837,24,554.5,505.1,506.8,433.8,2.27,179
3,6615745,6615919,175,508.8,418.7,502.2,441.8,0.64,440
3,6616095,6616101,7,497.4,416.3,508.3,420.7,0.31,45
3,6616479,6616487,9,501.5,433.3,500.8,415.8,0.46,58
3,6620750,6620771,22,521.0,419.1,532.3,498.8,2.13,161
3,6621116,6621148,33,529.2,506.4,507.3,398.2,2.92,166
4,6622359,6622396,38,549.2,540.0,495.8,421.6,3.43,194
4,6622772,6622943,172,491.7,432.4,504.7,479.2,1.29,1061
4,6623050,6623060,11,502.7,447.8,520.0,433.2,0.60,64
4,6623698,6623705,8,519.7,438.4,517.4,425.7,0.34,46
4,6624389,6624396,8,506.4,426.5,493.7,419.5,0.38,49
5,6630129,6630312,184,520.2,417.9,526.8,487.7,1.86,1058
5,6630540,6630548,9,520.9,414.0,503.7,408.3,0.48,58
5,6632434,6632442,9,507.4,416.7,492.9,405.7,0.48,59
5,6635913,6635943,31,516.4,420.7,537.7,299.8,3.26,194
5,6636219,6636270,52,534.6,306.6,508.3,566.5,6.90,330
5,6636522,6636559,38,512.2,568.7,668.9,417.7,5.71,299
6,6637854,6638037,184,494.5,469.4,528.4,494.1,1.10,637
6,6638185,6638203,19,521.2,440.4,513.1,391.3,1.32,106
6,6639081,6639245,165,504.8,435.8,497.4,453.5,0.51,744
6,6639468,6639477,10,496.2,410.7,516.5,404.9,0.55,63
6,6640250,6640265,16,511.8,431.8,495.3,419.5,0.54,61
6,6642151,6642162,12,507.0,423.9,488.4,418.3,0.51,53
6,6643397,6643422,26,498.7,429.2,601.2,377.4,3.02,214
6,6643595,6643619,25,600.7,375.7,520.0,317.9,2.61,203
6,6643841,6643872,32,524.4,321.3,519.1,459.6,3.67,224
7,6644861,6645019,159,525.3,432.9,520.2,421.6,0.33,839
7,6645442,6645449,8,523.7,408.5,511.4,413.0,0.34,45
7,6646414,6646424,11,501.7,410.4,478.4,407.9,0.62,66
7,6646645,6646651,7,485.8,413.1,497.6,414.1,0.31,44
7,6650383,6650402,20,504.2,417.0,488.8,416.4,0.40,61
7,6650549,6650571,23,503.3,422.8,505.2,422.8,0.05,66
8,6652527,6652546,20,519.5,438.1,471.3,415.0,1.41,124
8,6652983,6653001,19,471.0,402.4,520.6,408.8,1.31,105
8,6653710,6653890,181,496.7,419.9,498.6,493.4,1.95,1237
8,6654862,6654878,17,508.9,426.2,491.3,415.0,0.55,67
8,6655649,6655657,9,508.4,418.4,496.4,407.2,0.43,52
8,6657291,6657299,9,496.5,407.9,485.1,400.5,0.36,45
8,6658154,6658179,26,483.8,411.8,390.0,403.1,2.47,187
8,6658405,6658434,30,400.2,400.2,532.4,433.1,3.57,222
9,6659892,6659910,19,544.0,408.8,499.4,396.1,1.22,114
9,6660309,6660315,7,498.8,414.8,509.9,409.9,0.32,46
9,6660637,6660643,7,502.0,411.6,493.6,404.9,0.28,43
9,6661170,6661180,11,491.7,422.0,472.3,410.4,0.59,63
9,6661446,6661454,9,482.3,414.9,496.7,411.8,0.39,48
9,6662578,6662588,11,508.9,407.2,487.9,400.0,0.58,60
9,6662830,6662844,15,489.1,401.3,519.5,405.1,0.80,72
9,6663084,6663089,6,505.0,403.8,494.9,401.6,0.27,45
9,6665154,6665186,33,511.7,420.8,447.6,559.0,4.02,266
9,6665438,6665471,34,450.5,551.2,509.2,450.9,3.07,196
10,6666815,6666827,13,497.6,435.2,503.4,409.7,0.69,63
10,6667052,6667062,11,501.2,407.8,509.7,426.3,0.54,59
10,6668643,6668656,14,504.6,423.7,498.9,412.3,0.34,41
10,6669329,6669335,7,493.1,422.3,482.5,416.7,0.32,43
10,6669755,6669762,8,493.3,412.8,506.3,414.7,0.34,46
10,6670082,6670089,8,501.9,414.7,489.4,407.1,0.39,50
11,6673971,6673980,10,504.0,431.3,502.8,415.1,0.43,48
11,6674469,6674476,8,506.6,416.3,497.1,405.3,0.38,51
11,6675689,6675849,161,493.8,423.6,511.6,508.0,2.28,1106
11,6676136,6676141,6,504.2,438.4,495.7,435.6,0.24,43
11,6676527,6676537,11,498.5,426.1,510.5,411.7,0.50,52
11,6676800,6676807,8,507.3,415.3,494.0,409.1,0.39,52
11,6677519,6677526,8,494.2,404.4,508.1,405.9,0.37,48
11,6677747,6677754,8,505.9,406.6,492.8,400.0,0.39,51
11,6678216,6678224,9,497.2,404.2,503.4,390.6,0.40,47
11,6679081,6679102,22,503.5,405.7,443.7,366.1,1.89,154
11,6679346,6679368,23,445.7,360.7,504.8,405.8,1.96,142
12,6680712,6680728,17,474.8,379.4,518.5,395.0,1.22,99
12,6681567,6681777,211,486.3,419.3,498.2,490.4,1.91,986
12,6683195,6683201,7,507.1,419.2,497.2,417.2,0.27,42
12,6685476,6685487,12,495.3,413.2,485.1,396.9,0.51,52
12,6685771,6685780,10,486.6,399.3,475.9,385.4,0.46,52
12,6686118,6686132,15,483.5,383.0,503.9,409.6,0.89,76
12,6686417,6686446,30,501.7,413.0,381.2,375.4,3.31,216
12,6686633,6686668,36,394.1,379.5,438.5,568.5,5.13,299
12,6687013,6687048,36,438.9,555.1,500.4,409.9,4.17,236
13,6688354,6688362,9,503.6,420.2,505.2,409.3,0.29,37
13,6688616,6688622,7,506.4,411.7,499.6,420.1,0.29,42
13,6690172,6690179,8,491.2,410.0,487.7,397.0,0.36,47
13,6691334,6691339,6,501.7,405.0,493.4,400.5,0.25,40
13,6692865,6692870,6,510.9,419.9,502.1,414.9,0.27,41
14,6695600,6695609,10,494.7,426.1,511.7,416.2,0.52,58
14,6695892,6695899,8,511.8,420.3,499.7,411.8,0.39,49
14,6696859,6697030,172,505.5,419.5,505.7,463.5,1.17,969
14,6698090,6698098,9,499.6,416.4,505.7,403.4,0.38,47
14,6700033,6700050,18,492.7,436.3,504.2,427.3,0.38,59
15,6702791,6702797,7,517.3,411.7,510.8,401.1,0.33,46
15,6703025,6703035,11,510.6,412.2,511.7,431.2,0.50,54
15,6703560,6703575,16,506.6,422.4,490.7,429.0,0.45,61
15,6703773,6703784,12,496.1,428.6,518.0,421.9,0.60,65
15,6704179,6704354,176,509.1,424.7,517.4,540.0,3.06,657
15,6704914,6705094,181,507.3,422.1,507.2,494.6,1.92,619
15,6705719,6705724,6,511.0,423.3,519.8,425.1,0.24,42
15,6706260,6706276,17,517.3,426.1,523.6,412.5,0.40,49
16,6710637,6710646,10,533.5,425.2,529.7,409.6,0.43,48
16,6711129,6711135,7,521.8,422.3,510.6,418.2,0.31,44
16,6711703,6711711,9,505.8,430.1,492.9,423.7,0.38,47
16,6712547,6712556,10,495.3,436.5,514.5,432.6,0.51,57
16,6713001,6713008,8,506.6,418.8,493.6,412.1,0.38,53
16,6713189,6713352,164,494.3,420.1,495.3,494.2,1.96,968
16,6713623,6713630,8,491.7,440.9,505.8,439.2,0.37,50
16,6713967,6713980,14,510.1,432.2,511.3,422.6,0.26,40
16,6714815,6714823,9,511.4,416.5,499.1,407.8,0.40,49
16,6715770,6715776,7,490.9,435.3,496.9,426.7,0.28,42
16,6716035,6716057,23,489.6,424.2,540.4,447.0,1.46,117
16,6716352,6716376,25,537.7,434.9,490.4,409.7,1.41,161
17,6719811,6719819,9,510.0,423.2,493.9,416.3,0.46,54
17,6720653,6720664,12,512.7,425.4,491.6,414.6,0.62,67
17,6720888,6720894,7,503.7,422.2,514.7,425.1,0.30,41
17,6721370,6721378,9,510.6,423.7,495.0,420.2,0.42,50
18,6725162,6725168,7,525.5,433.3,520.0,424.5,0.27,41
18,6728963,6728971,9,503.9,423.5,490.3,413.3,0.45,54
19,6733283,6733494,212,501.3,435.4,514.7,465.6,0.87,1115
19,6733714,6733720,7,502.2,414.7,512.8,417.3,0.29,44
19,6735450,6735455,6,510.8,414.4,505.6,409.3,0.19,41
20,6821197,6821220,24,387.9,339.7,487.5,346.9,2.62,204
20,6821445,6821469,25,487.8,356.6,587.7,355.2,2.62,188
20,6821594,6821631,38,587.4,362.0,497.7,407.0,2.64,256
20,6821779,6821790,12,494.0,405.0,514.1,418.1,0.63,61
20,6823123,6823128,6,500.7,416.5,495.1,408.9,0.25,40
20,6825127,6825132,6,497.5,427.8,490.5,421.9,0.24,40
21,6830521,6830528,8,498.7,429.6,485.4,422.5,0.40,52
21,6831300,6831461,162,487.0,431.2,490.8,499.0,1.80,977
21,6832067,6832073,7,495.2,432.9,483.8,426.4,0.35,49
21,6833365,6833371,7,500.6,428.2,505.7,418.7,0.29,41
21,6834334,6834359,26,507.6,437.2,599.1,361.7,3.12,219
21,6834564,6834588,25,604.8,364.8,504.5,307.3,3.04,239
21,6834837,6834880,44,505.8,316.0,482.8,450.9,3.63,266
22,6835876,6836086,211,-228.8,865.3,488.0,436.7,20.66,686
22,6836336,6836352,17,478.6,421.1,515.0,433.4,1.01,95
22,6836759,6836838,80,512.2,451.8,-410.7,294.1,22.60,494
22,6837170,6837214,45,-439.5,293.5,-275.1,91.8,6.16,240
22,6837330,6837481,152,-285.4,97.5,500.5,433.7,21.09,982
22,6837661,6837674,14,508.0,411.9,484.5,421.7,0.67,71
22,6838757,6838762,6,494.9,434.7,494.6,427.2,0.20,38
22,6840036,6840182,147,502.6,428.3,505.7,446.3,0.48,1043
22,6840583,6840588,6,501.2,420.5,505.7,414.1,0.21,39
22,6841188,6841197,10,497.2,420.9,496.6,405.5,0.41,46
22,6841579,6841606,28,505.1,410.4,472.6,493.5,2.36,180
22,6841837,6841859,23,468.3,484.2,501.7,418.7,1.94,161
23,6844984,6844991,8,496.7,420.3,489.4,410.9,0.31,42
23,6847176,6847185,10,496.3,402.0,481.1,390.1,0.51,57
23,6847448,6847467,20,489.5,394.9,505.9,392.7,0.43,65
23,6847664,6847669,6,495.0,399.6,485.9,401.2,0.24,42
24,6850152,6850168,17,521.0,429.4,489.1,404.9,1.06,92
24,6851667,6851827,161,491.3,431.2,485.0,460.8,0.80,1155
24,6855505,6855510,6,499.2,418.8,490.5,414.7,0.25,44
25,6857571,6857577,7,496.4,427.7,495.8,418.0,0.26,38
26,6864343,6864353,11,518.8,441.3,500.2,430.2,0.57,60
26,6865055,6865060,6,523.3,424.2,514.9,421.3,0.23,39
26,6865567,6865705,139,505.4,435.7,499.7,483.6,1.28,1014
26,6866283,6866288,6,502.9,432.2,496.0,426.6,0.23,41
26,6868180,6868186,7,501.5,420.8,492.5,413.4,0.31,43
27,6871432,6871445,14,505.7,428.8,507.7,401.7,0.72,69
27,6873302,6873463,162,492.8,434.8,506.3,503.3,1.85,1150
28,6879165,6879171,7,514.5,414.3,503.2,410.4,0.31,47
28,6879850,6880025,176,496.7,418.4,509.8,488.5,1.89,1285
29,6887631,6887796,166,492.3,440.2,487.5,473.7,0.90,1160
30,6893080,6893091,12,508.2,430.0,509.2,410.5,0.52,51
30,6894133,6894140,8,495.6,405.6,507.8,402.0,0.33,44
30,6895870,6895997,128,487.7,428.3,507.6,468.1,1.18,645
31,6900252,6900257,6,506.8,425.9,498.3,423.9,0.23,42
31,6901925,6902083,159,483.0,424.5,487.5,513.4,2.36,1064
31,6902468,6902475,8,497.2,431.6,488.7,420.9,0.36,47
31,6903698,6903704,7,493.7,431.0,502.5,424.7,0.29,43
31,6903963,6903970,8,500.1,429.9,486.3,430.4,0.36,48
31,6905304,6905317,14,493.7,429.1,476.4,405.5,0.77,75
31,6905541,6905551,11,479.4,411.0,500.8,421.5,0.63,67
32,6906597,6906605,9,502.7,430.3,496.9,419.4,0.33,39
32,6908005,6908011,7,500.9,418.0,489.9,415.2,0.30,41
32,6909136,6909280,145,496.8,432.2,490.2,488.1,1.49,842
33,6913454,6913469,16,510.2,431.3,515.4,412.0,0.53,44
33,6915740,6915900,161,493.6,428.0,494.0,501.1,1.94,1123
33,6916986,6916991,6,508.7,445.0,501.8,439.7,0.23,40
34,6920591,6920758,168,490.2,453.7,514.3,460.6,0.66,727
34,6920886,6920898,13,517.7,419.1,491.3,429.7,0.75,73
34,6921607,6921624,18,504.5,436.4,476.5,452.8,0.85,86
34,6921802,6921821,20,485.1,450.2,506.5,425.1,0.87,90
34,6922126,6922130,5,495.8,424.9,488.2,420.6,0.23,41
34,6923615,6923629,15,504.2,428.2,498.8,422.6,0.21,42
35,6928382,6928390,9,510.6,436.7,494.4,430.6,0.45,56
35,6929193,6929200,8,495.1,428.8,507.4,428.6,0.32,46
35,6929496,6929503,8,501.9,427.1,490.3,429.2,0.31,42
35,6932616,6932622,7,510.5,434.9,499.2,429.9,0.32,48
36,6935718,6935735,18,518.6,443.0,504.1,431.6,0.49,66
36,6936876,6937023,148,493.6,440.4,491.4,501.7,1.62,939
36,6938344,6938362,19,505.2,444.7,521.3,444.3,0.42,63
36,6938563,6938580,18,511.7,441.1,492.2,435.3,0.53,75
37,6943780,6943961,182,504.3,445.5,502.7,480.1,0.92,1121
37,6946730,6946735,6,507.7,427.1,506.4,420.1,0.19,38
37,6947934,6947941,8,503.9,430.3,517.9,425.5,0.39,52
37,6948641,6948660,20,508.3,427.9,462.6,397.4,1.45,122
37,6948913,6948935,23,470.7,402.9,514.2,420.8,1.24,129
38,6950313,6950486,174,501.7,414.0,504.1,399.9,0.38,1061
38,6950782,6950790,9,517.6,433.0,499.6,428.2,0.49,61
38,6951951,6951956,6,494.5,427.4,486.9,424.8,0.21,38
38,6952601,6952607,7,501.1,440.0,491.4,434.0,0.30,44
38,6953199,6953214,16,507.8,444.2,524.2,430.3,0.57,64
38,6953439,6953454,16,510.7,435.5,496.1,435.9,0.38,56
38,6955112,6955130,19,504.0,423.2,500.4,421.1,0.11,58
39,6957295,6957303,9,513.8,442.2,500.2,432.0,0.45,54
39,6957476,6957650,175,504.2,435.5,499.5,480.9,1.21,1003
39,6958967,6958974,8,498.3,426.0,509.9,421.4,0.33,44
39,6959175,6959193,19,507.5,422.8,498.8,422.1,0.23,68
39,6959244,6959327,84,498.6,420.9,483.5,407.8,0.53,180
39,6959450,6959468,19,478.7,409.6,500.2,415.3,0.58,63
40,6965123,6965131,9,503.2,460.7,517.6,453.8,0.42,51
40,6967637,6967644,8,503.7,436.8,514.4,431.3,0.32,45
41,6972026,6972031,6,516.3,446.2,506.0,440.9,0.30,46
41,6972399,6972592,194,506.1,444.1,502.3,481.9,1.01,818
41,6974851,6974867,17,499.3,438.2,485.0,428.0,0.46,63
41,6975092,6975097,6,496.8,435.8,506.7,435.5,0.26,43
42,6979094,6979102,9,503.5,428.3,504.6,413.5,0.39,48
42,6979623,6979639,17,496.9,420.3,497.7,408.9,0.30,46
42,6979934,6979952,19,501.5,415.5,483.1,411.2,0.50,77
42,6980155,6980164,10,488.3,418.4,508.0,419.4,0.52,58
43,6986215,6986221,7,513.9,440.5,506.3,434.1,0.26,43
43,6988988,6989005,18,517.7,449.3,509.7,434.4,0.45,69
44,6994570,6994758,189,504.2,450.8,508.8,493.5,1.14,994
44,6996250,6996257,8,507.9,444.5,495.9,438.7,0.35,47
44,6996547,6996564,18,497.2,437.6,508.8,430.6,0.36,66
44,6996752,6996762,11,508.7,435.9,490.0,431.1,0.51,57
45,7000923,7000927,5,511.8,440.9,504.6,439.2,0.19,40
45,7001721,7001903,183,509.1,452.6,505.8,433.0,0.53,1038
45,7004043,7004051,9,510.9,442.8,498.7,433.2,0.41,49
45,7004252,7004258,7,510.1,434.2,520.9,438.6,0.31,46
46,7007448,7007454,7,521.9,444.5,512.0,438.9,0.30,44
46,7008854,7009054,201,509.9,451.4,507.2,509.2,1.53,974
46,7011551,7011557,7,516.1,429.4,527.5,426.5,0.31,46
46,7011810,7011827,18,518.1,426.6,513.8,425.8,0.11,53
46,7012802,7012817,16,516.2,423.4,507.2,424.8,0.24,45
47,7015049,7015056,8,516.8,435.5,506.2,429.1,0.33,43
47,7016631,7016648,18,507.7,455.2,529.5,437.2,0.75,74
47,7016896,7016911,16,524.7,445.1,516.9,444.3,0.21,47
47,7017303,7017321,19,518.2,447.1,503.4,439.1,0.44,71
47,7019444,7019454,11,511.7,435.6,511.6,423.4,0.32,37
47,7019984,7019998,15,507.2,433.1,502.2,428.1,0.19,40
48,7022279,7022286,8,519.2,452.6,506.6,448.4,0.35,49
48,7022736,7022743,8,510.1,444.2,525.0,443.3,0.39,52
48,7022970,7022980,11,518.2,447.0,501.1,441.9,0.47,54
48,7024017,7024022,6,511.2,438.3,518.7,432.7,0.25,41
48,7024914,7025069,156,507.4,455.9,496.1,508.3,1.42,879
48,7026401,7026414,14,512.8,440.0,519.6,433.8,0.24,43
48,7027172,7027186,15,505.4,433.4,502.8,426.0,0.21,40
48,7027613,7027635,23,498.7,435.7,437.4,363.5,2.50,219
48,7027850,7027882,33,435.7,363.8,494.0,462.9,3.04,265
48,7028152,7028171,20,502.1,454.8,506.6,423.8,0.83,83
49,7029608,7029623,16,516.7,440.8,507.2,434.4,0.30,45
49,7031680,7031687,8,514.6,435.5,515.0,420.0,0.41,53
49,7032089,7032105,17,516.9,433.4,511.8,430.5,0.15,46
49,7033224,7033238,15,514.4,448.1,513.4,436.6,0.31,48
49,7033525,7033536,12,507.4,434.9,531.6,436.6,0.64,66
49,7033753,7033770,18,520.6,436.0,510.5,432.7,0.28,52
50,7036817,7036831,15,525.2,457.9,518.5,434.4,0.65,68
50,7039310,7039325,16,505.3,429.1,496.9,427.0,0.23,43
50,7039529,7039534,6,503.4,426.9,512.8,428.8,0.25,41
50,7041556,7041570,15,514.2,444.8,513.0,436.8,0.21,42
51,7043814,7043819,6,511.9,453.1,504.1,445.0,0.30,45
51,7044113,7044119,7,512.6,452.6,523.8,448.5,0.31,44
51,7045921,7046064,144,502.9,459.6,493.7,520.6,1.63,891
51,7046653,7046667,15,520.3,461.0,513.6,452.0,0.30,45
51,7047206,7047213,8,516.4,452.5,505.3,441.0,0.42,54
52,7051046,7051225,180,493.2,453.3,509.7,488.8,1.04,1035
52,7052621,7052625,5,487.3,428.7,496.7,429.6,0.25,50
52,7053105,7053252,148,499.1,440.8,499.1,507.1,1.76,1076
52,7054738,7054743,6,506.0,436.8,501.9,428.1,0.25,41
53,7058461,7058479,19,521.0,464.6,508.1,445.4,0.61,78
53,7059215,7059233,19,500.0,439.7,516.5,421.5,0.65,76
53,7059466,7059482,17,513.6,432.3,508.0,433.5,0.15,55
53,7060448,7060462,15,509.9,428.2,504.0,422.9,0.21,40
53,7062520,7062526,7,514.5,452.4,516.4,441.7,0.29,43
54,7065667,7065673,7,523.1,467.7,518.7,458.2,0.28,42
54,7066574,7066750,177,504.5,461.8,514.7,491.8,0.84,934
54,7069429,7069446,18,517.1,448.9,505.6,437.0,0.44,61
54,7069565,7069570,6,511.6,440.5,520.6,444.0,0.25,41
54,7070643,7070825,183,517.1,463.9,507.1,442.1,0.64,535
54,7071110,7071118,9,504.9,462.6,519.4,461.6,0.38,46
55,7075175,7075360,186,521.4,463.7,510.9,440.6,0.67,869
55,7075895,7076052,158,519.8,463.5,516.9,448.7,0.40,926
55,7076479,7076496,18,516.9,445.9,501.1,438.0,0.46,65
55,7076765,7076772,8,505.3,440.3,517.6,439.2,0.32,44
55,7077336,7077352,17,507.6,426.5,496.0,423.1,0.32,51
55,7078024,7078029,6,499.2,422.9,507.4,419.8,0.23,41
56,7080448,7080519,72,-182.4,348.4,602.0,445.4,19.72,503
56,7080769,7080795,27,619.3,457.9,504.8,439.7,3.04,261
56,7081273,7081420,148,496.5,445.8,507.9,418.4,0.79,729
56,7081705,7081710,6,504.7,429.9,497.4,425.3,0.23,40
56,7082675,7082693,19,503.4,435.0,497.5,420.4,0.42,58
56,7083584,7083590,7,499.2,439.4,491.8,429.5,0.33,47
57,7089654,7089781,128,506.9,465.5,516.0,512.3,1.26,777
57,7090425,7090433,9,524.9,453.9,508.0,448.2,0.47,57
57,7091165,7091170,6,523.0,456.2,532.5,453.3,0.26,43
57,7091450,7091467,18,522.6,452.3,509.7,445.8,0.38,58
58,7094773,7094778,6,523.6,454.8,524.4,445.2,0.26,40
58,7096030,7096189,160,508.5,460.7,515.0,515.5,1.46,896
58,7096679,7096686,8,515.1,460.3,530.8,461.0,0.41,53
58,7096961,7096976,16,521.7,460.4,512.5,455.4,0.28,55
58,7098148,7098165,18,511.7,458.2,510.0,446.2,0.32,59
58,7099608,7099622,15,512.4,453.6,514.8,438.5,0.41,52
59,7102276,7102280,5,520.1,450.6,512.1,449.0,0.21,39
59,7104170,7104183,14,516.8,447.8,515.6,439.2,0.23,43
59,7104704,7104710,7,512.8,436.1,501.5,436.3,0.30,44
59,7104933,7104938,6,507.1,443.1,516.3,442.2,0.24,40
59,7105643,7105653,11,521.7,448.6,520.6,428.5,0.53,59
59,7106669,7106683,15,518.2,444.1,509.7,443.3,0.22,43
60,7109220,7109377,158,504.5,440.8,490.1,445.2,0.40,1058
60,7109999,7110191,193,511.5,439.3,521.1,420.0,0.57,892
60,7111288,7111305,18,521.1,441.3,512.4,431.7,0.34,66
60,7111777,7111793,17,509.0,438.5,523.0,430.6,0.42,55
60,7114615,7114630,16,519.1,454.4,513.1,439.3,0.43,48
60,7114980,7115009,30,513.8,445.5,468.4,392.6,1.84,183
60,7115163,7115187,25,461.9,399.0,535.2,441.4,2.23,224
61,7116650,7116661,12,525.3,449.4,502.5,442.0,0.63,69
61,7117509,7117513,5,510.1,456.9,513.3,449.4,0.22,45
61,7120155,7120170,16,514.4,449.7,509.0,447.7,0.15,42
62,7123798,7123807,10,527.2,461.1,510.7,450.3,0.52,58
62,7124669,7124679,11,505.7,441.3,526.9,439.2,0.56,60
62,7124904,7124911,8,514.8,440.5,502.9,437.3,0.32,43
62,7126140,7126148,9,513.4,438.0,529.4,440.5,0.43,52
62,7126365,7126373,9,526.3,450.7,511.5,444.9,0.42,51
63,7131104,7131117,14,521.2,441.0,512.7,443.7,0.23,41
63,7131895,7131910,16,514.5,451.4,524.2,434.5,0.52,61
63,7134562,7134576,15,521.7,447.9,518.9,440.6,0.21,48
63,7135631,7135640,10,524.2,456.6,515.7,436.1,0.59,66
63,7136371,7136395,25,518.3,444.5,440.5,430.7,2.07,188
63,7136578,7136601,24,447.7,433.0,530.4,440.2,2.18,194
64,7137363,7137541,179,510.6,429.0,523.1,476.0,1.29,914
64,7138020,7138029,10,536.8,444.9,520.5,445.4,0.43,49
64,7138391,7138405,15,524.3,451.0,514.3,455.6,0.29,47
64,7138646,7138663,18,518.2,453.6,528.4,447.2,0.32,59
64,7138979,7138995,17,522.5,445.9,513.7,447.2,0.23,56
64,7139965,7140155,191,513.2,461.6,510.6,512.4,1.35,800
64,7142150,7142168,19,507.5,446.3,504.8,440.9,0.16,53
64,7143390,7143411,22,515.2,442.5,468.5,418.3,1.38,119
64,7143621,7143643,23,478.2,425.5,515.7,440.1,1.06,128
65,7146749,7146754,6,511.7,446.8,514.4,439.2,0.21,36
65,7148224,7148229,6,515.6,452.1,517.2,444.2,0.21,38
66,7152670,7152678,9,535.2,472.2,522.1,464.7,0.40,49
66,7153118,7153125,8,526.8,469.0,516.4,458.2,0.40,51
66,7153666,7153671,6,523.6,458.0,532.2,455.0,0.24,42
66,7153764,7153938,175,529.1,457.3,519.2,442.3,0.48,724
66,7157879,7157893,15,519.7,456.0,510.9,450.0,0.28,48
67,7160196,7160352,157,506.9,454.0,510.9,496.4,1.13,1073
67,7161118,7161136,19,507.3,460.5,527.0,448.4,0.61,76
67,7161359,7161434,76,527.4,448.5,-239.5,465.3,19.01,510
67,7161706,7161730,25,-268.3,457.8,-330.5,459.6,1.43,145
67,7161828,7161999,172,-329.8,455.7,526.4,418.7,20.93,743
67,7162155,7162176,22,536.0,431.7,504.3,438.8,0.85,109
67,7165134,7165149,16,512.3,439.6,506.3,435.9,0.19,42
67,7165431,7165444,14,511.7,440.4,518.2,438.8,0.18,44
67,7165812,7165837,26,512.1,446.9,535.1,518.2,1.98,133
67,7166062,7166089,28,533.8,513.8,512.0,449.9,1.79,136
68,7167551,7167562,12,496.1,440.1,498.1,417.1,0.61,68
68,7167746,7167755,10,493.8,425.2,510.5,432.9,0.48,55
68,7167962,7168135,174,500.1,442.7,504.7,487.7,1.20,1025
68,7169415,7169423,9,503.2,447.8,515.4,439.4,0.39,46
68,7170007,7170013,7,494.4,436.0,507.2,439.5,0.35,50
68,7170720,7170733,14,511.3,450.8,508.0,443.3,0.22,38
69,7174537,7174543,7,511.3,445.1,520.5,440.8,0.27,42
69,7174870,7174891,22,515.7,442.7,512.7,436.6,0.18,64
69,7175108,7175114,7,503.3,440.7,515.4,442.2,0.32,46
69,7176216,7176221,6,508.3,444.6,517.1,443.0,0.23,39
69,7176618,7176633,16,514.1,448.5,500.0,447.6,0.37,53
69,7177095,7177102,8,511.2,453.3,523.8,446.3,0.38,49
69,7179644,7179661,18,516.2,441.2,506.2,431.8,0.36,57
70,7181335,7181347,13,508.7,438.8,533.3,437.8,0.65,58
70,7181621,7181632,12,529.2,444.9,506.1,438.1,0.63,63
70,7181860,7182042,183,508.7,448.2,495.9,485.6,1.05,980
70,7185215,7185221,7,518.3,456.1,506.4,452.1,0.33,46
70,7185507,7185513,7,510.1,454.0,523.0,452.6,0.34,47
70,7185869,7185884,16,518.4,455.5,513.2,449.8,0.20,38
71,7188189,7188198,10,511.9,434.9,502.6,419.6,0.47,53
71,7188922,7189101,180,504.3,438.7,497.9,433.7,0.21,1066
71,7190196,7190207,12,509.3,447.8,520.5,430.5,0.54,54
71,7191679,7191696,18,515.1,439.6,508.1,432.2,0.27,49
71,7192517,7192524,8,510.5,445.0,522.0,438.9,0.34,46
71,7192838,7192854,17,511.5,432.6,506.4,430.7,0.14,56
72,7195253,7195274,22,533.1,450.7,504.2,446.1,0.77,92
72,7195779,7195785,7,513.2,448.6,521.9,443.8,0.26,38
72,7197109,7197292,184,501.7,460.7,498.2,515.1,1.44,861
72,7197546,7197553,8,509.2,454.9,523.9,455.7,0.39,50
72,7197901,7197910,10,522.0,459.9,506.9,449.1,0.49,54
73,7202509,7202671,163,523.5,459.6,504.3,494.7,1.06,847
73,7203676,7203683,8,506.3,449.0,519.7,448.7,0.35,46
73,7205792,7205803,12,518.4,456.8,496.3,451.6,0.60,62
73,7207073,7207087,15,520.6,462.9,514.9,448.3,0.42,55
73,7207376,7207391,16,518.3,453.7,530.0,454.8,0.31,52
73,7207568,7207574,7,525.2,458.0,514.8,451.7,0.32,47
74,7210301,7210306,6,509.3,450.1,511.5,442.4,0.21,36
74,7212418,7212424,7,522.3,466.9,514.4,458.7,0.30,44
74,7212758,7212776,19,521.1,465.7,539.9,452.2,0.61,72
74,7212840,7212863,24,540.2,456.8,492.7,465.3,1.27,133
74,7212941,7212970,30,500.8,460.6,540.0,463.4,1.03,143
74,7213096,7213108,13,538.4,466.3,516.2,459.8,0.61,68
75,7217056,7217063,8,531.8,451.4,519.2,446.7,0.35,46
75,7217549,7217565,17,513.3,447.7,501.2,435.9,0.45,62
75,7218345,7218361,17,494.7,432.5,507.1,428.5,0.34,58
75,7218624,7218639,16,498.0,429.9,490.9,431.3,0.19,38
75,7220454,7220626,173,518.4,459.3,519.5,446.2,0.35,855
75,7221589,7221607,19,518.6,455.1,506.5,433.5,0.66,79
76,7224011,7224016,6,509.1,431.2,516.5,433.4,0.20,36
76,7225111,7225117,7,519.0,456.1,527.0,447.8,0.30,44
76,7226756,7226769,14,513.2,442.8,514.0,433.2,0.26,42
76,7227433,7227448,16,508.0,440.4,507.8,434.3,0.16,47
76,7229331,7229343,13,505.8,446.4,530.3,451.7,0.66,65
77,7233565,7233582,18,514.0,452.0,507.3,436.9,0.44,57
77,7233905,7233912,8,511.5,441.5,525.0,444.6,0.36,47
77,7234176,7234181,6,524.4,448.0,515.6,445.5,0.24,40
77,7234354,7234532,179,516.9,457.9,499.5,510.8,1.47,917
77,7234869,7234875,7,512.7,461.4,522.1,460.8,0.25,41
77,7235610,7235620,11,522.2,464.6,512.8,446.0,0.55,57
78,7238436,7238617,182,520.5,460.0,509.0,517.8,1.56,972
78,7240199,7240219,21,519.2,445.5,494.5,433.3,0.72,87
78,7240352,7240358,7,501.5,431.6,512.2,433.4,0.28,41
78,7241443,7241450,8,510.0,442.4,497.0,439.9,0.35,45
78,7242283,7242299,17,517.8,447.2,507.5,438.9,0.35,51
78,7243222,7243245,24,518.9,454.8,609.1,453.1,2.36,194
78,7243443,7243468,26,600.2,453.7,495.6,456.0,2.74,240
78,7243685,7243690,6,509.9,451.9,519.0,447.6,0.26,43
79,7245169,7245182,14,532.8,454.6,509.1,436.8,0.78,76
79,7245670,7245677,8,510.6,448.7,506.8,435.6,0.36,48
79,7246783,7246954,172,502.6,441.9,504.5,482.4,1.07,1037
79,7248917,7248933,17,509.8,453.5,511.6,442.7,0.29,46
80,7252090,7252256,167,511.7,432.2,501.3,475.4,1.18,980
80,7253001,7253007,7,514.5,447.1,508.1,439.1,0.27,41
80,7253555,7253564,10,509.2,443.2,524.3,436.6,0.43,49
80,7253856,7253875,20,516.5,436.1,502.8,431.3,0.38,68
80,7254250,7254258,9,505.5,434.0,520.6,430.6,0.41,49
80,7254480,7254498,19,509.7,430.4,500.4,425.6,0.28,65
81,7258618,7258782,165,556.1,461.6,509.0,407.6,1.89,836
81,7259870,7260040,171,487.2,438.6,493.7,458.9,0.56,1006
81,7260391,7260402,12,498.5,436.4,503.2,424.0,0.35,38
81,7261416,7261431,16,500.7,420.9,507.5,413.8,0.26,46
81,7262155,7262172,18,496.8,439.8,489.2,425.9,0.42,58
81,7263235,7263249,15,504.5,448.2,510.5,439.7,0.28,40
82,7265666,7265684,19,504.7,434.9,528.0,428.6,0.63,79
82,7265839,7265855,17,521.0,423.2,508.3,427.0,0.35,53
82,7266530,7266548,19,495.6,428.6,484.7,415.6,0.45,60
82,7267364,7267373,10,493.2,433.8,508.5,422.6,0.50,57
82,7267611,7267629,19,506.2,432.1,497.5,424.1,0.31,61
82,7267728,7267906,179,491.4,435.7,500.0,472.5,1.00,1013
82,7268910,7268927,18,506.5,436.1,501.4,426.0,0.30,62
83,7272591,7272613,23,529.0,436.7,503.1,430.4,0.70,108
83,7274216,7274414,199,499.3,437.9,501.4,489.6,1.37,970
83,7276437,7276444,8,505.8,439.1,509.9,427.7,0.32,44
83,7277191,7277199,9,502.8,437.1,510.8,426.2,0.36,42
83,7277675,7277692,18,501.9,437.8,481.8,432.7,0.54,77
83,7277785,7277814,30,483.6,432.8,506.5,427.8,0.62,132
83,7277978,7277998,21,513.3,433.2,492.8,448.6,0.68,91
84,7279848,7279855,8,502.3,459.3,518.1,454.2,0.44,56
84,7280676,7280691,16,510.0,443.8,512.0,433.1,0.29,40
84,7282268,7282273,6,508.8,444.1,516.4,442.9,0.20,37
85,7286437,7286639,203,501.1,434.7,512.8,489.7,1.49,1025
85,7286911,7286916,6,512.3,451.7,520.6,456.3,0.25,42
85,7287580,7287597,18,518.1,458.8,504.2,443.1,0.55,62
85,7288374,7288390,17,508.6,433.8,505.7,427.5,0.18,53
85,7289764,7289770,7,502.4,440.0,491.6,436.3,0.30,44
85,7291524,7291538,15,508.3,448.1,504.9,436.9,0.31,48
86,7293803,7293808,6,504.5,452.1,512.2,448.7,0.22,41
86,7294286,7294303,18,507.3,450.1,504.5,443.9,0.18,52
86,7295840,7295847,8,516.1,460.2,526.0,452.2,0.34,46
86,7297332,7297338,7,520.5,451.9,509.2,447.7,0.32,46
86,7299023,7299055,33,502.8,446.3,445.7,491.4,1.92,216
86,7299389,7299435,47,435.3,479.8,512.1,448.2,2.18,225
87,7300364,7300535,172,526.6,547.2,715.5,533.8,4.94,734
87,7300642,7300691,50,704.1,542.6,528.9,426.1,5.51,327
87,7300888,7300906,19,513.8,427.6,503.5,444.9,0.53,71
87,7302636,7302646,11,497.6,433.9,510.0,415.9,0.58,61
87,7302920,7302938,19,506.5,419.7,491.7,421.3,0.39,70
87,7304072,7304136,65,493.4,418.2,970.2,408.8,12.24,383
87,7304282,7304341,60,986.1,426.0,511.6,422.0,12.17,520
87,7304754,7304761,8,498.0,438.6,506.2,428.1,0.35,47
87,7305031,7305183,153,494.5,443.1,508.0,481.4,1.07,967
87,7305473,7305489,17,508.4,438.9,500.7,432.4,0.27,57
88,7308089,7308113,25,505.9,432.4,491.0,431.5,0.39,95
88,7308181,7308211,31,485.1,430.0,519.3,428.7,0.90,163
88,7308330,7308336,7,515.9,435.0,504.1,431.5,0.32,46
88,7311353,7311512,160,499.7,452.0,492.1,489.4,1.01,929
88,7312665,7312681,17,501.7,437.3,497.4,435.3,0.12,47
89,7315168,7315310,143,514.3,452.6,518.7,495.0,1.13,1009
89,7315467,7315473,7,519.4,442.7,507.9,445.4,0.31,46
89,7316295,7316312,18,515.2,449.5,520.2,434.4,0.42,61
89,7317054,7317069,16,505.6,429.5,501.5,436.1,0.21,41
89,7317388,7317405,18,507.8,440.4,507.6,422.1,0.49,57
89,7317849,7317871,23,509.6,428.6,490.3,429.4,0.51,90
89,7318071,7318089,19,491.0,435.1,511.6,432.8,0.54,74
89,7318612,7318627,16,504.3,433.9,498.5,422.0,0.35,46
89,7318961,7318967,7,497.1,424.6,510.9,426.6,0.37,50
89,7319269,7319285,17,505.4,433.9,500.0,431.0,0.16,48
90,7322292,7322310,19,515.2,435.2,504.8,422.6,0.43,68
90,7322647,7322654,8,503.2,433.6,516.0,434.0,0.34,45
90,7322934,7323116,183,495.0,445.6,492.0,488.7,1.14,1012
90,7324492,7324507,16,508.8,441.0,510.7,420.8,0.54,54
90,7327711,7327728,18,499.3,442.5,485.1,422.8,0.64,84
90,7327969,7328014,46,494.2,426.1,511.4,431.6,0.47,71
91,7328727,7328936,210,512.0,432.1,527.0,513.3,2.19,1071
91,7329400,7329414,15,528.3,431.9,515.8,437.7,0.36,55
91,7330935,7330960,26,504.0,427.5,486.9,423.7,0.46,104
91,7331030,7331115,86,485.5,426.2,483.6,422.7,0.11,202
91,7331254,7331269,16,474.8,424.3,504.7,421.9,0.79,70
91,7331488,7331494,7,497.8,426.8,507.1,429.4,0.25,40
91,7332336,7332352,17,504.1,439.0,512.2,430.6,0.31,53
91,7333579,7333725,147,505.8,440.5,505.2,478.7,1.01,1111
92,7335887,7335906,20,507.4,405.9,484.1,414.7,0.65,87
92,7336393,7336404,12,495.3,425.0,517.9,426.7,0.59,56
92,7336669,7336685,17,514.5,427.7,506.2,426.1,0.22,45
92,7338127,7338300,174,511.2,450.2,510.5,499.7,1.31,1000
92,7339178,7339184,7,509.4,454.1,501.3,447.8,0.27,41
92,7340099,7340115,17,508.0,438.4,506.6,430.6,0.21,52
93,7343145,7343157,13,503.4,442.4,531.5,444.4,0.74,77
93,7343578,7343748,171,518.9,446.9,504.9,503.3,1.54,1008
93,7345514,7345520,7,499.2,436.4,487.1,434.8,0.32,47
94,7350349,7350367,19,526.0,427.7,536.9,411.3,0.52,68
94,7350700,7350715,16,529.3,417.1,500.4,425.4,0.79,57
94,7351867,7351885,19,512.2,436.1,529.2,434.9,0.45,67
94,7354034,7354195,162,507.4,472.1,496.9,497.5,0.73,824
94,7354575,7354579,5,519.6,472.1,525.0,466.8,0.20,41
94,7355438,7355573,136,510.1,468.7,496.6,526.4,1.57,713
94,7355864,7355871,8,511.5,465.1,523.0,459.2,0.34,45
95,7357555,7357576,22,550.2,447.4,492.1,452.1,1.53,135
95,7357945,7357955,11,506.7,454.3,530.0,449.5,0.62,65
95,7358053,7358272,220,517.4,465.1,499.1,512.9,1.35,890
95,7358452,7358463,12,499.9,454.6,523.1,450.1,0.62,63
95,7359516,7359535,20,510.1,428.9,454.8,423.1,1.46,126
95,7359665,7359686,22,474.8,421.1,512.6,416.6,1.00,113
95,7360152,7360157,6,512.9,413.1,519.2,407.0,0.23,41
95,7360414,7360596,183,507.5,425.4,511.0,496.9,1.90,1152
95,7361613,7361619,7,508.1,437.4,507.6,427.3,0.27,41
95,7362969,7362990,22,514.9,450.5,480.9,448.9,0.89,92
95,7363122,7363150,29,488.6,444.2,512.1,441.3,0.62,133
96,7364335,7364346,12,523.2,441.2,534.6,422.3,0.58,57
96,7364751,7364757,7,529.0,438.7,517.0,437.7,0.32,45
96,7365683,7365837,155,514.8,449.2,513.4,522.1,1.93,1052
96,7366439,7366627,189,502.8,469.6,505.9,505.0,0.94,927
96,7367752,7367768,17,512.0,441.7,514.4,422.7,0.51,54
96,7368454,7368462,9,502.4,438.5,488.2,437.1,0.37,45
96,7368677,7368694,18,498.1,446.8,508.8,442.0,0.31,55
96,7368888,7368894,7,504.8,438.9,493.9,434.7,0.31,47
96,7369335,7369341,7,496.0,437.3,506.8,437.6,0.28,43
96,7369541,7369557,17,503.1,438.5,495.5,431.5,0.27,46
97,7372106,7372110,5,519.9,437.7,512.9,434.5,0.20,40
97,7372761,7372778,18,507.7,430.8,496.6,422.1,0.37,64
97,7373469,7373632,164,497.7,430.6,500.6,473.8,1.15,1110
97,7373973,7373988,16,502.5,441.9,499.4,434.7,0.21,48
97,7374562,7374567,6,503.0,447.6,509.8,442.2,0.23,42
97,7374849,7374864,16,507.4,443.3,498.5,444.4,0.24,46
97,7375467,7375475,9,505.4,444.2,507.6,432.7,0.31,39
98,7379734,7379752,19,517.9,442.3,510.7,442.2,0.19,53
98,7380991,7381010,20,515.9,449.2,575.2,442.0,1.57,148
98,7381174,7381202,29,568.7,439.5,527.2,445.2,1.10,168
98,7382392,7382407,16,519.1,445.9,510.8,438.5,0.29,49
99,7385890,7386070,181,493.5,463.0,501.4,494.6,0.86,966
99,7388239,7388302,64,513.9,436.8,962.6,482.7,11.58,409
99,7388420,7388483,64,973.1,494.5,541.1,443.3,11.16,495
99,7388630,7388652,23,533.3,454.4,501.4,448.0,0.85,116
99,7388916,7389076,161,501.7,457.7,495.2,494.0,0.98,1034
99,7389465,7389473,9,499.5,446.1,515.9,444.3,0.43,52
99,7389698,7389702,5,511.9,445.9,504.5,444.1,0.20,38
99,7390709,7390714,6,506.5,444.3,516.0,444.3,0.25,41
99,7390961,7390976,16,513.8,444.5,500.1,438.5,0.39,48
99,7391240,7391246,7,502.1,436.8,512.5,432.4,0.30,43
100,7393546,7393703,158,511.1,448.6,517.7,499.2,1.35,1008
100,7395120,7395128,9,508.8,454.3,504.3,441.0,0.37,45
100,7395401,7395576,176,494.9,451.8,504.7,486.0,0.94,914
100,7395813,7395828,16,496.6,433.9,482.6,444.8,0.47,59
100,7396031,7396043,13,489.5,443.7,508.4,431.8,0.59,57
100,7396327,7396335,9,508.5,432.7,498.1,421.9,0.40,48
100,7396848,7397034,187,498.6,437.8,510.3,483.5,1.25,1000
100,7397609,7397623,15,517.3,439.4,510.9,431.0,0.28,44
101,7400194,7400372,179,492.4,456.9,511.6,484.9,0.90,1039
101,7400834,7400843,10,521.0,444.2,502.7,445.2,0.48,55
101,7401827,7401833,7,501.4,440.4,495.8,429.9,0.31,46
101,7404178,7404186,9,514.7,442.8,531.4,440.1,0.44,53
101,7404387,7404392,6,521.8,440.6,513.4,438.7,0.23,41
101,7405985,7406001,17,510.8,438.9,505.1,430.5,0.27,49
102,7408083,7408097,15,516.9,429.9,524.9,398.7,0.85,69
102,7408434,7408444,11,519.4,411.1,510.1,424.7,0.44,45
102,7409105,7409120,16,511.8,435.4,509.9,430.1,0.15,44
102,7409456,7409670,215,497.3,444.8,498.9,515.9,1.88,1076
102,7409959,7409971,13,497.6,446.4,523.7,446.7,0.69,66
102,7410879,7410885,7,516.8,440.9,509.2,431.0,0.33,47
102,7413665,7413678,14,512.3,432.6,511.4,417.1,0.41,47
103,7415578,7415588,11,510.7,423.7,494.5,414.1,0.50,49
103,7415643,7415806,164,493.5,421.3,512.5,516.8,2.58,818
103,7416022,7416029,8,500.3,423.6,513.5,423.7,0.35,46
103,7416685,7416699,15,509.3,441.8,514.9,427.0,0.42,48
103,7417445,7417450,6,503.5,433.0,495.5,428.9,0.24,40
103,7420411,7420429,19,515.6,444.3,499.6,443.1,0.42,78
103,7420633,7420649,17,501.4,441.1,516.9,437.4,0.42,56
104,7422797,7422964,168,517.9,431.8,517.4,529.4,2.58,1096
104,7423389,7423397,9,502.1,450.8,516.2,455.3,0.39,48
104,7423741,7423756,16,513.8,450.3,508.7,436.8,0.38,50
104,7426532,7426549,18,512.5,440.4,506.9,435.5,0.20,52
104,7427438,7427443,6,511.0,450.0,517.3,444.3,0.22,40
105,7429732,7429740,9,524.3,459.1,519.4,446.4,0.36,44
105,7431394,7431402,9,508.1,431.0,517.2,420.6,0.36,45
105,7431681,7431688,8,516.5,436.2,503.3,434.0,0.35,46
105,7432175,7432338,164,505.2,448.8,504.3,523.0,1.97,868
105,7434373,7434379,7,498.4,444.3,498.9,434.4,0.26,40
105,7434742,7434756,15,494.7,430.7,491.1,424.1,0.20,41
106,7438098,7438103,6,516.4,445.5,525.7,446.7,0.25,40
106,7438839,7439010,172,512.2,450.0,513.2,478.4,0.75,946
106,7439212,7439218,7,520.2,436.0,506.5,436.3,0.36,52
106,7440167,7440184,18,513.5,445.1,500.3,428.6,0.56,60
106,7440389,7440396,8,500.6,428.2,514.3,431.1,0.37,48
107,7444121,7444127,7,521.5,440.2,508.3,439.3,0.35,50
107,7445905,7445919,15,508.7,444.3,511.7,433.8,0.29,42
107,7446055,7446214,160,503.1,443.8,500.2,496.6,1.40,1004
107,7447355,7447530,176,494.7,431.8,509.9,497.5,1.79,922
107,7447703,7447707,5,501.7,436.4,494.0,434.4,0.21,42
107,7448116,7448123,8,493.9,442.3,491.0,428.3,0.38,49
108,7450440,7450458,19,495.5,432.3,481.5,414.7,0.59,75
108,7450880,7450889,10,489.3,435.3,508.2,439.5,0.51,57
109,7460626,7460640,15,512.5,444.1,522.5,441.5,0.27,43
109,7463282,7463312,31,511.8,446.4,442.3,464.5,1.88,206
109,7463523,7463546,24,433.9,460.3,524.4,444.7,2.41,208
110,7465069,7465085,17,510.6,440.3,498.3,441.5,0.32,50
110,7466837,7466852,16,506.2,427.4,501.3,424.2,0.15,43
110,7467207,7467223,17,507.9,438.0,523.4,434.2,0.42,56
110,7467447,7467452,6,522.9,440.2,514.1,437.5,0.24,40
110,7468018,7468190,173,515.1,456.6,508.3,477.7,0.59,952
110,7469842,7469853,12,510.9,438.1,529.2,434.5,0.49,52
111,7473709,7473877,169,523.2,464.6,506.6,492.3,0.85,822
111,7474152,7474158,7,515.5,453.4,526.9,455.8,0.31,46
111,7474348,7474355,8,525.6,455.5,512.5,449.9,0.37,50
111,7475109,7475124,16,515.8,441.9,510.9,442.6,0.13,48
111,7476324,7476341,18,502.7,435.2,493.3,432.5,0.26,54
112,7481140,7481155,16,492.3,430.0,485.4,419.4,0.33,47
112,7481408,7481413,6,485.8,424.3,493.9,427.2,0.23,40
112,7481796,7481802,7,487.8,427.1,478.3,422.9,0.27,41
113,7485788,7485977,190,498.7,433.2,497.6,494.7,1.63,941
113,7486388,7486396,9,496.1,437.9,511.2,431.3,0.43,54
113,7486892,7486899,8,499.4,442.8,500.1,428.9,0.37,49
113,7488158,7488174,17,493.6,429.6,498.6,420.8,0.27,49
113,7488964,7489148,185,487.8,452.2,507.9,491.5,1.17,1041
113,7489636,7489799,164,508.5,454.9,506.6,436.5,0.49,869
113,7490222,7490228,7,504.4,444.8,502.1,435.3,0.26,40
113,7491165,7491172,8,499.9,435.7,504.9,426.0,0.29,39
114,7493066,7493075,10,515.7,426.8,521.1,410.4,0.46,52
114,7493780,7493795,16,505.5,437.6,502.8,437.4,0.07,42
114,7494090,7494097,8,500.9,439.5,512.9,433.3,0.36,47
114,7494369,7494374,6,509.5,440.5,501.3,436.5,0.24,38
114,7494831,7494982,152,502.2,450.8,505.5,509.8,1.57,932
114,7497374,7497379,6,509.8,437.0,519.8,434.2,0.27,43
115,7500524,7500540,17,527.6,448.2,522.0,421.5,0.72,79
115,7500818,7500834,17,514.5,425.5,504.0,429.9,0.30,53
115,7501144,7501150,7,497.3,424.1,507.2,420.8,0.27,39
115,7502481,7502635,155,495.8,448.0,511.1,546.4,2.63,828
115,7504097,7504103,7,494.4,443.7,485.6,437.1,0.29,42
116,7508595,7508767,173,491.0,441.1,509.1,471.8,0.94,1169
116,7509345,7509349,5,499.9,445.0,505.1,440.2,0.19,40
116,7509510,7509719,210,499.4,456.7,499.1,423.6,0.88,1003
116,7510790,7510963,174,494.1,441.2,514.2,461.1,0.75,907
116,7511780,7511798,19,513.8,439.2,513.4,422.8,0.44,56
116,7512541,7512560,20,508.5,412.3,496.3,403.1,0.40,76
116,7512724,7512732,9,497.1,408.5,511.4,413.3,0.40,49
116,7513078,7513101,24,506.5,422.3,549.3,366.5,1.86,148
117,7516373,7516607,235,499.4,446.1,496.6,484.3,1.01,1161
117,7516937,7516945,9,498.6,432.6,515.4,433.9,0.44,54
117,7517253,7517270,18,512.1,436.7,507.6,429.5,0.22,57
117,7518176,7518182,7,505.1,429.7,507.4,418.1,0.31,47
117,7519939,7519954,16,505.9,427.8,500.2,422.5,0.21,47
117,7520175,7520180,6,505.0,426.3,513.1,428.7,0.22,40
118,7524269,7524276,8,486.9,430.1,473.6,426.8,0.36,48
119,7529655,7529659,5,501.2,441.4,493.5,439.4,0.21,40
119,7530944,7530949,6,506.8,440.0,511.6,432.4,0.24,42
119,7531244,7531421,178,503.6,440.3,500.8,479.0,1.03,1101
119,7532033,7532039,7,505.4,444.7,512.0,435.7,0.29,44
119,7532593,7532613,21,504.3,433.3,486.6,439.0,0.49,70
119,7532814,7532831,18,492.0,442.4,512.1,437.3,0.54,75
119,7533174,7533179,6,505.1,436.7,497.3,433.2,0.22,37
119,7534276,7534283,8,507.3,432.9,492.9,428.8,0.39,51
120,7536079,7536100,22,500.0,456.3,547.4,419.8,1.58,131
120,7536222,7536246,25,542.6,426.6,479.1,430.3,1.67,172
120,7536456,7536464,9,485.5,435.0,500.1,431.9,0.39,47
120,7536888,7537075,188,484.3,439.6,492.5,454.7,0.45,1052
120,7537777,7537792,16,493.5,438.7,492.7,436.6,0.06,44
120,7538992,7539007,16,490.2,424.7,490.6,416.9,0.21,39
121,7544172,7544349,178,489.4,442.7,500.8,494.6,1.41,1089
121,7545222,7545231,10,499.0,439.2,508.0,426.0,0.42,47
121,7545797,7545813,17,490.2,428.8,477.1,421.9,0.39,54
121,7546659,7546893,235,493.7,418.8,497.9,470.4,1.37,1332
121,7547220,7547235,16,483.9,435.3,501.9,433.4,0.48,62
121,7547452,7547468,17,500.0,441.1,488.6,432.5,0.38,55
121,7547869,7547875,7,500.6,438.5,509.3,436.3,0.24,37
121,7548116,7548134,19,501.4,431.2,488.1,427.8,0.36,53
122,7550344,7550363,20,526.5,449.4,592.3,433.0,1.78,148
122,7550532,7550557,26,597.2,438.6,500.7,442.2,2.53,205
122,7551471,7551478,8,501.1,434.3,491.5,425.2,0.35,47
122,7551952,7551971,20,486.8,429.6,504.8,421.9,0.51,70
122,7552175,7552180,6,493.1,419.6,485.2,416.2,0.23,39
122,7552476,7552495,20,481.4,424.0,469.4,418.9,0.34,71
122,7553024,7553030,7,482.6,430.0,494.2,429.8,0.30,45
122,7553755,7553943,189,494.3,429.4,482.1,477.1,1.30,1192
122,7554268,7554274,7,488.6,439.7,499.1,438.2,0.28,42
122,7555017,7555034,18,515.5,443.5,503.3,430.1,0.48,71
122,7555260,7555268,9,506.0,433.6,521.2,436.9,0.41,49
122,7555493,7555510,18,507.3,427.0,497.8,427.5,0.25,53
123,7557415,7557435,21,518.7,448.3,467.5,431.1,1.42,123
123,7557612,7557635,24,471.7,427.7,520.9,433.5,1.30,142
123,7560152,7560326,175,497.0,446.7,514.1,529.0,2.22,1050
123,7561739,7561754,16,508.2,444.8,502.7,436.3,0.27,42
123,7561961,7561965,5,506.7,441.7,514.7,441.1,0.21,40
124,7565142,7565148,7,493.4,442.5,485.0,435.8,0.28,42
124,7565622,7565638,17,501.5,435.8,502.6,426.5,0.25,56
124,7565974,7566146,173,492.9,438.7,508.9,518.1,2.14,886
124,7566376,7566382,7,496.5,452.4,486.6,445.9,0.31,43
124,7567037,7567047,11,489.9,451.8,478.2,434.9,0.54,58
124,7567993,7568001,9,497.1,438.7,514.7,434.1,0.48,56
124,7568239,7568255,17,503.7,436.8,491.8,434.4,0.32,56
124,7569503,7569518,16,515.8,442.4,508.0,433.7,0.31,47
125,7572036,7572050,15,504.0,446.3,492.1,446.7,0.31,51
125,7572479,7572485,7,491.5,450.0,500.8,448.8,0.25,39
125,7572686,7572693,8,499.4,455.5,486.4,448.2,0.39,53
125,7573026,7573242,217,487.4,456.2,497.6,519.0,1.68,1071
125,7574527,7574540,14,489.9,434.2,490.5,418.8,0.41,49
125,7575483,7575495,13,501.1,426.3,497.7,407.8,0.50,54
125,7576763,7576781,19,506.9,432.8,484.3,427.0,0.61,79
126,7578863,7578879,17,489.4,421.2,503.3,422.3,0.37,58
126,7579785,7580034,250,490.6,439.3,504.2,550.5,2.96,1214
126,7581530,7581547,18,489.0,434.2,484.5,427.2,0.22,53
126,7581765,7581770,6,483.3,431.3,493.0,433.0,0.26,45
126,7582209,7582226,18,483.8,435.3,481.1,431.2,0.13,49
126,7582512,7582530,19,481.5,436.7,492.7,435.8,0.29,67
126,7582755,7582772,18,490.4,439.4,484.3,435.5,0.19,52
127,7585147,7585361,215,499.2,456.0,518.1,489.0,1.01,1179
127,7585818,7585835,18,502.5,443.7,483.4,452.4,0.55,71
127,7586026,7586037,12,483.6,450.6,506.7,447.8,0.61,66
127,7586343,7586359,17,492.2,446.3,485.3,441.0,0.23,42
127,7587759,7587954,196,480.0,443.7,497.7,570.7,3.39,856
127,7588383,7588390,8,491.5,441.0,505.5,442.3,0.37,48
127,7588566,7588572,7,506.4,447.8,495.1,446.9,0.30,43
127,7589062,7589068,7,505.0,455.3,505.3,444.2,0.29,43
127,7589457,7589473,17,502.6,448.1,493.7,445.0,0.25,47
127,7589850,7589856,7,494.0,442.9,504.2,437.2,0.31,45
128,7593228,7593244,17,492.5,434.5,507.3,424.4,0.47,58
128,7593375,7593541,167,496.6,441.6,503.9,483.6,1.13,792
128,7594130,7594341,212,497.7,440.5,533.7,647.2,5.53,1009
128,7594906,7594928,23,507.8,432.2,504.5,428.5,0.13,69
128,7595447,7595453,7,498.5,431.0,507.2,427.4,0.25,38
128,7596333,7596340,8,494.4,449.9,491.0,438.1,0.33,43
128,7597768,7597773,6,490.4,423.6,488.1,415.6,0.22,37
129,7599798,7599817,20,523.3,440.5,492.7,419.6,0.98,92
129,7600110,7600119,10,501.7,427.9,520.6,425.4,0.50,57
129,7601835,7602044,210,500.5,428.6,499.4,511.9,2.21,1046
129,7602998,7603007,10,482.7,430.4,501.2,426.9,0.49,58
129,7603072,7603094,23,496.9,426.2,475.2,426.1,0.57,94
129,7604441,7604458,18,490.7,422.5,482.8,413.5,0.32,53
130,7607132,7607138,7,510.5,441.5,498.2,439.7,0.33,45
130,7610036,7610250,215,493.3,448.4,518.2,570.9,3.30,1216
130,7610569,7610575,7,499.2,450.6,509.1,446.9,0.28,43
130,7610759,7610773,15,515.3,451.5,501.8,445.9,0.38,55
130,7611637,7611643,7,512.5,459.2,517.7,447.2,0.35,48
131,7614196,7614204,9,511.9,464.1,512.6,447.7,0.44,52
131,7614678,7614684,7,518.2,448.3,517.6,439.3,0.24,38
131,7615914,7615921,8,515.8,448.7,503.1,441.1,0.39,51
131,7616208,7616215,8,504.9,437.6,518.0,440.3,0.35,46
131,7616316,7616334,19,510.7,441.8,502.6,444.2,0.22,62
131,7616938,7617139,202,505.5,444.9,525.8,556.8,3.01,1004
131,7618111,7618117,7,498.1,428.4,489.4,423.0,0.27,41
132,7621561,7621570,10,537.1,442.7,518.5,436.7,0.51,58
132,7621779,7621790,12,519.6,442.4,497.6,435.5,0.61,63
132,7622330,7622340,11,507.0,434.6,527.0,429.4,0.54,57
132,7623153,7623158,6,495.9,426.3,491.9,418.7,0.23,38
132,7623549,7623564,16,494.2,421.1,491.1,409.5,0.32,47
133,7628314,7628319,6,516.3,425.5,507.0,427.0,0.25,42
133,7628635,7628643,9,506.3,428.0,489.1,426.9,0.45,55
133,7628850,7628857,8,494.1,434.3,508.5,432.1,0.38,50
133,7630213,7630398,186,490.1,438.7,507.3,504.9,1.81,1090
133,7630541,7630548,8,500.1,420.4,487.9,422.3,0.32,44
133,7630945,7631140,196,493.7,445.9,502.0,492.7,1.26,1059
133,7631768,7631786,19,504.2,443.1,496.3,433.2,0.33,65
133,7632059,7632068,10,493.9,428.7,511.9,428.4,0.47,52
133,7632406,7632421,16,501.3,425.3,502.0,420.8,0.12,44
134,7635142,7635155,14,515.6,457.0,507.0,438.9,0.53,51
134,7635950,7636138,189,507.6,448.4,511.5,501.4,1.41,886
134,7636357,7636363,7,508.1,440.8,498.1,441.5,0.26,42
134,7636942,7636950,9,498.7,444.5,508.3,436.2,0.33,41
134,7637386,7637391,6,501.1,440.7,492.7,438.5,0.23,39
134,7638615,7638633,19,502.1,435.0,490.1,434.5,0.32,56
134,7638973,7638979,7,494.2,431.1,503.3,426.5,0.27,41
135,7642542,7642554,13,529.2,448.7,505.1,439.5,0.68,69
135,7642790,7642797,8,505.8,443.3,494.7,436.5,0.34,46
135,7643376,7643592,217,483.7,434.4,506.3,528.3,2.56,1176
135,7644792,7644797,6,491.0,432.3,497.9,429.5,0.20,37
135,7645226,7645425,200,494.5,426.3,502.2,506.8,2.14,1204
135,7646049,7646065,17,487.9,430.1,482.7,417.1,0.37,54
135,7646297,7646304,8,485.7,425.2,499.3,426.2,0.36,48
135,7646531,7646548,18,494.4,421.4,492.3,406.4,0.40,65
136,7650865,7650870,6,507.6,441.3,512.9,435.3,0.21,40
136,7651130,7651135,6,508.9,434.1,499.9,431.1,0.25,42
136,7651313,7651547,235,502.4,432.0,515.4,505.6,1.98,1169
136,7651731,7651736,6,497.3,421.4,505.9,428.0,0.29,44
136,7652611,7652627,17,490.8,436.8,502.7,439.0,0.32,53
136,7652901,7652918,18,495.7,431.4,486.4,430.0,0.25,52
136,7653363,7653546,184,481.6,438.2,493.3,507.9,1.87,1205
136,7654217,7654224,8,489.5,440.1,499.8,432.8,0.33,44
137,7657401,7657407,7,497.3,436.3,486.5,433.4,0.29,44
137,7657429,7657641,213,483.0,438.0,508.0,496.8,1.69,1284
137,7658137,7658142,6,499.9,437.3,508.1,432.7,0.25,40
137,7658894,7658901,8,488.1,432.4,490.3,420.6,0.32,41
137,7659160,7659365,206,485.6,434.4,509.4,557.8,3.32,1058
137,7659788,7659794,7,493.2,423.9,482.3,419.5,0.31,44
137,7660750,7660765,16,496.9,426.5,494.2,416.7,0.27,42
137,7661325,7661331,7,497.2,425.1,496.7,414.9,0.27,42
137,7662601,7662644,44,507.2,430.9,401.9,442.9,2.78,267
137,7662923,7662951,29,386.0,445.5,541.6,427.4,4.11,321
138,7664019,7664031,13,535.5,439.6,529.4,408.6,0.84,80
138,7664499,7664515,17,530.1,420.5,509.2,427.4,0.58,72
138,7665341,7665517,177,518.7,423.4,531.7,527.0,2.77,861
138,7666955,7666961,7,513.0,452.1,505.1,443.4,0.31,45
139,7670979,7671009,31,492.8,442.5,545.0,438.0,1.38,165
139,7671077,7671103,27,547.3,438.6,538.8,430.6,0.31,97
139,7671447,7671451,5,529.0,427.5,522.4,424.7,0.19,41
139,7671777,7671784,8,511.7,430.9,501.4,426.9,0.29,41
139,7672483,7672491,9,496.1,427.9,512.4,427.1,0.43,52
139,7672926,7673147,222,498.4,429.3,523.3,621.6,5.12,1238
139,7675223,7675228,6,497.0,420.5,503.5,413.5,0.25,39
140,7678187,7678406,220,479.6,421.0,506.3,485.5,1.85,847
140,7678688,7678718,31,492.6,406.8,535.9,415.8,1.16,170
140,7678885,7678904,20,538.7,424.3,515.2,423.6,0.62,76
140,7679400,7679417,18,507.7,427.1,499.3,417.2,0.34,58
140,7680757,7680952,196,497.4,429.8,488.8,484.0,1.45,927
140,7682887,7682898,12,490.7,425.2,492.2,412.3,0.34,39
141,7686108,7686128,21,521.8,448.3,498.0,440.0,0.66,82
141,7686396,7686412,17,498.5,443.5,493.6,429.9,0.38,63
141,7686662,7686863,202,498.3,435.0,518.2,506.8,1.97,1016
141,7687422,7687439,18,512.9,425.4,500.7,414.8,0.43,67
141,7688208,7688213,6,495.5,428.7,502.7,424.3,0.22,40
141,7688573,7688589,17,499.3,431.4,490.6,421.6,0.35,56
141,7689264,7689269,6,486.4,437.2,490.1,426.8,0.29,44
141,7689993,7689999,7,499.4,429.1,497.6,419.5,0.26,37
142,7692896,7692916,21,513.7,421.5,576.6,393.0,1.82,159
142,7693273,7693295,23,578.6,400.2,509.7,415.9,1.86,161
142,7693487,7693495,9,517.0,419.2,503.3,426.3,0.41,49
142,7693784,7693799,16,503.6,424.8,497.3,429.3,0.20,43
142,7694157,7694164,8,499.3,427.0,511.4,423.2,0.33,45
142,7694441,7694456,16,503.0,430.5,494.2,430.0,0.23,47
142,7697677,7697693,17,505.2,441.1,497.9,436.1,0.23,50
143,7701726,7701906,181,510.5,446.0,523.4,514.1,1.84,990
143,7703205,7703221,17,510.2,431.4,503.9,427.1,0.20,54
144,7707924,7708080,157,506.5,446.3,520.8,524.4,2.10,936
144,7709791,7709806,16,499.0,439.2,502.9,425.9,0.37,44
144,7710145,7710156,12,504.9,436.7,487.1,433.7,0.47,54
144,7710756,7710770,15,500.2,445.8,502.8,438.0,0.22,40
144,7712072,7712078,7,505.7,447.1,516.8,444.5,0.30,45
145,7715353,7715368,16,515.4,438.4,503.0,435.0,0.34,57
145,7718745,7718943,199,506.3,448.3,505.4,488.0,1.05,1014
145,7720666,7720690,25,498.0,436.7,416.9,438.7,2.13,174
145,7720869,7720901,33,431.5,432.7,507.3,426.0,1.99,232
146,7723690,7723698,9,502.4,442.9,492.4,432.1,0.39,48
146,7724878,7724883,6,506.7,437.5,513.9,430.5,0.26,43
146,7725336,7725350,15,506.1,428.9,499.2,429.4,0.18,44
146,7727294,7727300,7,507.1,443.7,515.6,435.3,0.32,44
147,7729241,7729416,176,504.1,438.8,501.2,490.0,1.36,964
147,7729754,7729769,16,505.5,447.6,496.2,447.8,0.24,55
147,7730258,7730263,6,510.4,451.7,517.6,448.1,0.21,37
147,7730791,7730807,17,510.9,446.5,504.0,442.1,0.22,48
147,7731433,7731614,182,492.2,458.1,509.6,505.4,1.33,916
147,7732192,7732197,6,509.2,450.5,501.0,444.0,0.28,42
147,7732932,7732936,5,498.4,433.8,494.2,428.4,0.18,39
147,7733311,7733316,6,490.4,424.9,498.5,424.9,0.21,41
147,7733523,7733528,6,499.8,427.6,492.6,424.1,0.21,40
147,7734084,7734091,8,487.2,434.1,475.6,430.1,0.32,45
148,7736085,7736108,24,526.0,434.1,473.2,426.2,1.40,137
148,7736556,7736562,7,496.6,436.6,506.8,435.1,0.27,42
148,7737255,7737263,9,497.1,433.9,501.0,417.0,0.46,56
148,7738946,7739138,193,505.5,453.7,527.6,538.4,2.31,1145
148,7739441,7739448,8,513.6,455.9,525.7,450.9,0.34,45
148,7740370,7740375,6,509.7,437.5,507.5,428.9,0.24,41
149,7743621,7743639,19,528.2,467.8,507.8,452.3,0.68,74
149,7743854,7744043,190,495.9,453.8,505.8,468.6,0.47,1209
149,7744681,7744690,10,499.0,439.0,513.8,429.0,0.47,53
149,7744932,7744945,14,497.2,430.7,488.3,434.8,0.26,43
149,7745237,7745471,235,495.3,433.0,519.4,538.8,2.87,1100
149,7746083,7746257,175,499.9,437.2,507.2,459.3,0.62,1130
149,7746580,7746596,17,501.2,433.7,500.0,423.2,0.28,50
149,7747315,7747330,16,505.7,434.3,518.5,427.7,0.38,55
149,7748423,7748430,8,502.7,425.0,499.2,413.8,0.31,43
150,7750339,7750348,10,512.1,443.2,525.9,432.1,0.47,53
150,7751492,7751506,15,507.0,420.3,494.9,420.1,0.32,51
150,7752395,7752605,211,496.9,435.7,530.7,519.7,2.40,1017
150,7753077,7753084,8,508.0,431.9,497.1,424.1,0.35,48
151,7756639,7756831,193,509.7,430.6,511.0,482.1,1.36,1153
151,7757416,7757422,7,502.5,408.7,492.0,404.3,0.30,44
151,7758054,7758060,7,497.0,423.8,507.3,424.3,0.27,43
151,7758256,7758273,18,502.6,424.2,491.0,419.7,0.33,47
151,7760445,7760460,16,489.0,421.2,490.0,415.1,0.16,47
152,7765925,7765933,9,484.6,431.6,490.7,418.3,0.39,48
152,7766339,7766546,208,484.2,433.7,483.5,488.4,1.45,1042
152,7768041,7768056,16,496.1,419.2,493.1,410.7,0.24,44
152,7769183,7769196,14,482.0,411.7,491.7,408.3,0.27,45
153,7771240,7771275,36,503.5,461.2,568.0,406.8,2.22,121
153,7771412,7771433,22,555.3,418.2,498.4,420.7,1.49,132
153,7772108,7772115,8,486.8,421.8,474.8,423.9,0.32,43
153,7772339,7772345,7,483.6,425.4,493.9,421.5,0.29,45
153,7773069,7773282,214,500.8,439.3,536.3,663.4,5.97,1208
153,7774604,7774609,6,497.9,429.5,501.2,422.0,0.22,38
154,7779128,7779333,206,497.5,437.7,519.9,535.8,2.66,1051
154,7781547,7781563,17,493.7,426.1,485.9,414.2,0.38,52
154,7781930,7781946,17,495.5,423.2,513.0,423.9,0.46,60
154,7782006,7782025,20,509.0,423.7,492.1,421.1,0.45,75
154,7783082,7783222,141,498.8,442.5,506.9,526.2,2.23,903
155,7785671,7785681,11,507.3,426.6,519.2,406.2,0.62,64
155,7785881,7785894,14,512.2,407.2,491.4,426.1,0.74,76
155,7786077,7786240,164,489.6,423.8,495.7,470.1,1.24,998
155,7786539,7786545,7,496.0,413.2,505.8,410.3,0.27,39
155,7786819,7786980,162,505.4,419.4,506.4,435.0,0.41,1015
155,7788009,7788029,21,505.2,432.4,537.0,441.4,0.87,103
155,7788225,7788253,29,518.4,448.5,493.4,492.9,1.35,71
155,7788277,7788316,40,501.2,501.3,500.6,609.6,2.85,218
155,7788439,7788486,48,499.5,618.0,511.2,442.0,4.65,354
155,7788655,7788823,169,499.9,437.4,505.0,465.9,0.77,1172
155,7789631,7789636,6,496.2,416.2,492.0,409.0,0.22,40
156,7792538,7792544,7,518.3,427.2,528.1,426.4,0.26,39
156,7792876,7792890,15,517.5,433.5,508.0,432.6,0.25,48
156,7793255,7793468,214,506.9,441.6,512.4,564.5,3.25,1171
156,7793683,7793701,19,498.2,439.0,517.4,441.5,0.51,71
156,7793897,7793902,6,511.7,440.4,504.2,436.4,0.22,38
156,7795058,7795239,182,495.8,432.1,504.3,573.5,3.74,1003
156,7796665,7796866,202,494.6,426.6,509.6,502.9,2.06,1070
156,7797083,7797097,15,498.8,420.9,496.8,418.0,0.09,37
157,7800168,7800362,195,508.8,408.3,519.7,553.0,3.84,1205
157,7800574,7800580,7,504.3,410.8,510.7,420.0,0.30,41
157,7800945,7800950,6,510.8,430.9,506.2,423.5,0.23,40
157,7801758,7801763,6,508.9,434.7,514.8,427.9,0.24,37
157,7803266,7803271,6,488.4,416.3,495.8,410.9,0.24,40
157,7803583,7803768,186,484.6,414.0,486.6,443.0,0.77,1281
157,7803858,7804040,183,480.7,423.9,487.4,448.0,0.66,1255
157,7804322,7804336,15,490.5,430.2,483.2,425.8,0.22,48
158,7809637,7809831,195,493.2,415.4,508.1,474.0,1.60,1074
158,7810044,7810050,7,500.8,411.3,488.8,410.7,0.32,47
158,7810769,7810783,15,501.9,440.9,497.3,423.9,0.47,55
158,7811178,7811194,17,496.1,422.7,513.1,418.1,0.46,57
158,7811407,7811423,17,508.4,427.9,498.7,420.9,0.32,51
158,7812606,7812611,6,499.9,430.9,490.8,426.7,0.26,41
159,7814854,7814866,13,479.7,424.8,505.6,426.1,0.68,67
159,7815651,7815859,209,497.4,442.2,509.0,520.6,2.10,1208
159,7817010,7817026,17,508.4,442.1,501.9,428.0,0.41,54
159,7817394,7817400,7,495.0,442.2,497.9,430.4,0.32,44
160,7821509,7821530,22,507.4,465.7,477.1,435.0,1.14,108
160,7821764,7821779,16,483.1,442.6,516.7,436.2,0.90,77
160,7822064,7822076,13,503.4,440.4,496.5,423.7,0.48,50
160,7822739,7822980,242,489.4,442.1,492.1,521.6,2.11,1146
160,7823273,7823283,11,490.9,440.7,508.6,425.9,0.61,63
160,7823509,7823524,16,506.7,433.6,499.7,432.2,0.19,44
160,7825023,7825031,9,493.8,434.9,491.7,422.4,0.34,41
160,7825338,7825357,20,486.7,422.5,476.3,416.1,0.32,69
160,7825622,7825628,7,476.9,420.9,488.6,421.1,0.31,46
160,7826185,7826202,18,486.0,429.9,474.1,415.9,0.49,72
160,7826693,7826699,7,479.7,427.8,490.0,425.7,0.28,43
161,7828746,7828757,12,513.8,460.5,501.5,442.9,0.57,61
161,7829023,7829035,13,509.2,441.6,488.6,430.9,0.61,67
161,7829449,7829455,7,495.6,430.7,506.3,430.4,0.28,40
161,7829811,7829828,18,495.1,432.3,493.2,428.6,0.11,48
161,7830393,7830398,6,500.1,421.2,506.8,415.6,0.23,38
161,7831726,7831740,15,501.0,435.0,505.8,426.0,0.27,45
162,7835749,7835772,24,524.2,432.0,469.0,422.5,1.47,138
162,7835984,7835999,16,478.9,424.0,511.7,432.0,0.89,72
162,7837043,7837059,17,502.4,440.2,495.6,435.0,0.23,41
162,7837852,7838069,218,497.5,448.3,501.3,524.9,2.03,943
162,7838734,7838931,198,498.6,450.5,505.4,507.9,1.53,898
162,7839246,7839254,9,497.2,437.0,511.3,429.9,0.42,50
162,7839452,7839457,6,506.3,435.4,495.4,432.9,0.29,48
163,7843174,7843362,189,489.2,434.1,504.7,498.9,1.76,1200
163,7844176,7844191,16,497.4,429.8,488.9,426.6,0.24,46
163,7844487,7844492,6,494.3,418.6,502.9,417.0,0.23,40
163,7844879,7844897,19,502.4,421.6,495.7,418.4,0.20,59
163,7845196,7845214,19,493.8,417.2,515.0,412.7,0.57,73
163,7845394,7845412,19,510.6,413.0,502.4,413.2,0.22,59
163,7846459,7846643,185,501.3,435.4,499.7,515.3,2.12,884
163,7847382,7847388,7,506.3,441.4,517.6,443.4,0.30,45
163,7847567,7847575,9,513.6,440.9,498.5,436.3,0.41,51
164,7850236,7850433,198,508.3,429.6,509.2,529.4,2.64,1177
164,7852392,7852400,9,502.6,445.2,488.3,437.4,0.43,52
164,7852843,7852850,8,499.3,434.8,513.9,434.5,0.38,50
165,7856866,7856885,20,514.5,450.4,493.3,436.2,0.67,85
165,7857087,7857097,11,496.0,441.8,515.4,436.0,0.53,57
165,7857841,7857856,16,507.2,435.6,521.1,423.9,0.48,56
165,7858298,7858316,19,505.9,434.5,496.8,429.8,0.27,52
165,7858559,7858565,7,500.8,435.1,512.4,434.4,0.31,45
165,7860674,7860868,195,506.0,439.4,512.7,524.9,2.27,1121
165,7861253,7861257,5,502.9,434.8,508.6,431.8,0.17,37
165,7862742,7862765,24,487.4,428.8,449.6,435.7,1.01,117
165,7863005,7863028,24,457.8,434.9,512.3,417.4,1.50,142
166,7864060,7864244,185,524.8,419.8,674.2,388.5,4.00,1177
166,7864364,7864401,38,661.3,407.4,509.8,389.4,3.99,255
166,7864595,7864612,18,511.1,394.1,496.4,415.1,0.68,80
166,7866306,7866476,171,484.4,431.0,502.2,521.5,2.44,1052
166,7868181,7868195,15,482.5,425.4,479.7,420.4,0.15,37
166,7868867,7868874,8,483.9,424.5,485.7,411.0,0.36,48
166,7869145,7869163,19,484.7,413.9,477.8,413.8,0.18,53
166,7869314,7869335,22,482.3,411.0,503.7,405.4,0.58,89
166,7869384,7869416,33,501.2,408.4,462.8,410.9,1.01,166
166,7869492,7869524,33,457.7,410.3,494.0,414.2,0.96,165
167,7871436,7871443,8,503.8,428.9,491.2,424.4,0.35,48
167,7872363,7872373,11,495.3,427.8,492.3,415.6,0.33,34
167,7875051,7875066,16,487.9,418.4,483.1,413.1,0.19,41
168,7877864,7878062,199,492.8,427.5,483.6,499.6,1.93,1314
168,7880312,7880327,16,496.4,438.3,506.9,431.8,0.33,51
168,7880551,7880568,18,505.2,440.8,490.4,441.7,0.39,61
168,7881077,7881084,8,493.4,449.0,506.8,439.8,0.43,55
168,7881619,7881636,18,501.7,441.1,493.8,428.4,0.40,58
168,7882986,7883002,17,496.5,433.7,495.5,430.6,0.09,46
168,7883316,7883333,18,498.8,431.2,507.2,427.7,0.24,52
169,7885428,7885435,8,498.6,442.7,489.7,434.9,0.31,42
169,7885703,7885953,251,484.7,441.2,497.9,553.6,2.99,1320
169,7887316,7887332,17,492.2,440.9,485.1,425.0,0.46,59
169,7887970,7887977,8,487.9,437.0,500.7,433.6,0.35,46
169,7888206,7888221,16,498.6,434.1,492.6,430.8,0.18,45
169,7889006,7889020,15,485.3,418.4,497.6,414.8,0.34,47
169,7889261,7889276,16,492.4,421.8,490.2,416.1,0.16,44
170,7892631,7892641,11,495.6,434.0,482.9,419.5,0.51,56
170,7893295,7893303,9,481.3,432.3,476.4,416.2,0.45,54
170,7893898,7893913,16,486.3,433.2,477.6,421.4,0.39,54
170,7894336,7894518,183,482.2,432.1,505.9,508.7,2.12,1273
170,7894881,7894899,19,507.7,422.8,495.8,417.9,0.34,63
170,7895603,7895619,17,497.0,414.1,491.1,403.1,0.33,51
171,7898933,7898950,18,510.2,423.1,466.9,402.8,1.26,119
171,7899126,7899134,9,480.6,407.3,492.8,414.2,0.37,46
171,7900239,7900258,20,492.9,419.3,480.0,404.6,0.52,81
171,7900437,7900444,8,494.0,410.1,506.1,413.8,0.33,45
171,7900964,7901156,193,489.5,430.3,506.0,505.2,2.03,1067
171,7902392,7902411,20,491.3,424.7,489.0,413.4,0.31,51
172,7906106,7906123,18,510.7,435.1,498.1,430.1,0.36,57
172,7906608,7906812,205,495.9,444.3,499.3,497.2,1.40,1078
172,7907690,7907707,18,498.2,445.8,489.2,436.6,0.34,54
172,7908074,7908085,12,486.9,438.1,508.6,431.0,0.60,66
172,7908271,7908288,18,495.0,430.9,485.7,430.7,0.24,52
172,7909446,7909451,6,489.9,428.0,498.1,423.1,0.25,41
173,7913437,7913446,10,485.9,449.5,499.7,439.0,0.46,52
173,7913652,7913660,9,494.7,438.9,500.4,423.5,0.44,53
173,7914013,7914027,15,488.0,427.2,483.7,416.2,0.31,41
173,7914303,7914311,9,481.0,427.4,496.6,426.9,0.41,50
173,7914513,7914528,16,490.6,432.3,487.0,430.9,0.10,42
173,7915266,7915283,18,500.0,439.4,489.9,426.9,0.42,57
173,7915677,7915871,195,481.6,432.9,504.7,589.5,4.18,1108
173,7916273,7916280,8,487.6,436.5,502.4,434.3,0.39,52
173,7916529,7916544,16,496.9,440.4,488.8,428.3,0.38,49
173,7916832,7916849,18,488.3,427.0,502.9,428.1,0.38,60
173,7917161,7917175,15,492.5,427.6,488.7,418.4,0.26,45
174,7920671,7920688,18,522.9,434.9,479.5,432.4,1.14,101
174,7921196,7921202,7,492.9,435.5,504.4,431.5,0.32,46
174,7921424,7921438,15,503.7,436.6,497.9,436.0,0.15,43
174,7922252,7922456,205,493.7,434.8,512.5,572.3,3.67,1215
174,7924779,7924787,9,490.4,430.2,496.7,417.7,0.37,45
174,7925078,7925093,16,490.6,431.5,482.8,427.2,0.23,45
175,7928478,7928670,193,490.8,435.1,511.2,562.9,3.42,1249
175,7930006,7930011,6,499.4,432.9,505.9,428.3,0.21,39
175,7931360,7931373,14,503.8,439.5,482.2,425.8,0.67,72
175,7931580,7931585,6,493.1,432.2,501.3,435.2,0.23,38
176,7935121,7935334,214,505.3,425.6,505.8,509.1,2.21,1202
176,7936480,7936487,8,495.4,435.0,506.3,429.1,0.33,45
176,7936892,7936909,18,497.2,419.4,481.4,414.8,0.43,61
176,7939895,7939902,8,495.1,437.1,507.9,432.0,0.36,49
177,7942268,7942290,23,513.8,424.8,458.0,419.7,1.47,131
177,7942400,7942422,23,468.5,425.4,504.0,424.7,0.93,106
177,7942509,7942524,16,496.3,431.0,486.6,429.1,0.26,48
177,7942724,7942732,9,488.5,431.5,504.8,430.0,0.43,51
177,7942931,7943136,206,499.6,441.8,508.9,491.3,1.33,1109
177,7944866,7944876,11,496.1,438.4,479.5,429.8,0.49,54
177,7944979,7944998,20,484.4,428.7,515.3,429.3,0.81,85
177,7945135,7945142,8,510.2,428.1,495.3,427.0,0.39,51
177,7945556,7945561,6,501.0,431.1,492.8,426.7,0.24,41
178,7949288,7949295,8,511.4,430.2,498.7,424.9,0.36,49
178,7949582,7949588,7,500.5,430.0,489.7,427.6,0.29,43
178,7949836,7950036,201,495.5,431.8,516.6,527.0,2.58,1185
178,7950325,7950330,6,489.6,421.7,480.2,420.1,0.25,44
178,7951202,7951208,7,486.6,421.8,486.9,412.4,0.25,42
178,7951954,7951959,6,486.3,422.1,478.6,422.4,0.20,38
178,7952210,7952215,6,487.2,424.7,492.9,419.1,0.21,36
179,7955804,7956007,204,503.1,429.0,521.9,486.8,1.61,1097
179,7957126,7957141,16,502.0,426.1,497.3,418.7,0.23,38
179,7958107,7958113,7,500.9,425.4,509.8,422.3,0.25,39
179,7958790,7958806,17,495.7,434.3,490.3,425.1,0.28,45
179,7959071,7959277,207,487.1,444.4,517.7,568.2,3.37,1157
179,7960341,7960354,14,500.2,451.6,474.0,443.0,0.72,66
179,7960619,7960634,16,476.4,445.3,446.1,447.4,0.80,73
179,7960807,7960830,24,448.0,443.9,499.5,435.5,1.37,137
179,7961233,7961258,26,487.8,441.6,386.1,448.1,2.67,234
179,7961444,7961470,27,398.7,444.0,506.4,422.4,2.88,236
180,7963887,7963892,6,504.9,423.8,512.7,420.9,0.22,37
180,7964090,7964105,16,498.1,425.3,492.6,428.9,0.17,45
180,7964514,7964521,8,496.8,426.4,507.3,419.9,0.33,45
180,7964960,7964974,15,495.5,425.2,492.1,420.3,0.16,39
180,7967395,7967558,164,481.2,428.6,508.0,551.7,3.33,1100
181,7969564,7969582,19,529.8,449.7,491.7,431.1,1.12,99
181,7970082,7970089,8,481.4,438.7,494.4,434.6,0.36,48
181,7970378,7970394,17,490.8,431.9,486.2,423.7,0.25,46
181,7972279,7972294,16,494.6,439.9,486.4,425.3,0.44,49
181,7972962,7973158,197,480.8,427.5,486.2,490.0,1.66,1085
181,7973751,7973756,6,494.2,434.7,486.1,431.9,0.23,42
181,7974578,7974583,6,499.1,423.3,499.4,414.2,0.24,37
182,7977573,7977584,12,498.9,425.3,518.2,419.2,0.53,58
182,7977774,7977789,16,506.0,420.7,497.3,419.5,0.23,42
182,7978413,7978609,197,489.2,427.5,511.2,523.5,2.61,1096
183,7983660,7983677,18,503.1,420.4,480.8,417.7,0.59,77
183,7986541,7986549,9,503.9,440.6,519.9,438.2,0.42,52
183,7986697,7986702,6,515.0,442.3,503.1,439.3,0.32,50
184,7990572,7990595,24,497.8,436.0,467.6,429.4,0.81,114
184,7990880,7990895,16,472.4,439.8,508.1,446.8,0.96,82
184,7991128,7991136,9,503.0,444.6,519.7,446.1,0.44,52
184,7992608,7992800,193,494.7,446.6,526.0,501.7,1.67,1010
184,7993080,7993087,8,509.3,445.5,501.4,437.2,0.30,43
184,7993935,7993951,17,500.1,442.3,506.1,430.9,0.34,47
184,7995662,7995667,6,480.7,431.6,487.7,427.2,0.22,38
185,7998242,7998251,10,497.0,413.8,479.8,415.3,0.45,52
185,7998563,7998737,175,483.9,414.3,490.3,450.0,0.96,1022
185,7999546,7999553,8,492.7,422.7,506.2,421.4,0.36,46
185,7999735,7999740,6,503.8,423.8,494.2,422.9,0.25,42
185,8000088,8000106,19,492.9,427.5,481.6,420.5,0.35,66
185,8000378,8000393,16,483.0,422.2,493.3,425.4,0.28,47
185,8000590,8000604,15,485.5,415.9,474.9,414.6,0.28,46
185,8002285,8002302,18,484.7,438.1,480.0,414.7,0.63,76
185,8003295,8003309,15,483.8,420.3,482.5,412.8,0.20,44
185,8003899,8003920,22,479.2,422.1,503.0,427.6,0.64,89
186,8004709,8004915,207,482.9,433.3,509.6,504.9,2.02,1176
186,8005361,8005366,6,504.4,430.0,496.1,430.6,0.22,42
186,8005693,8005708,16,501.5,438.0,488.7,436.7,0.34,49
186,8007893,8008124,232,484.2,446.0,544.6,650.2,5.60,1096
186,8008382,8008390,9,499.5,430.9,502.4,443.5,0.34,43
186,8008600,8008768,169,495.9,449.6,501.3,431.7,0.50,815
186,8010015,8010023,9,506.9,439.8,520.7,441.3,0.36,44
186,8010267,8010284,18,510.8,436.5,499.0,424.4,0.45,65
187,8011975,8011996,22,504.2,433.1,481.8,431.5,0.59,81
187,8012241,8012258,18,478.0,434.2,506.9,434.6,0.76,78
187,8013269,8013440,172,497.1,444.1,494.5,496.9,1.40,1048
187,8014254,8014267,14,490.4,441.7,520.0,442.4,0.78,77
187,8014483,8014502,20,508.7,446.7,495.7,444.7,0.35,75
187,8015198,8015215,18,494.7,448.2,483.2,435.4,0.45,62
187,8015416,8015427,12,485.0,439.1,505.0,441.9,0.53,58
187,8016513,8016528,16,490.3,430.4,484.5,426.4,0.19,44
188,8019328,8019337,10,504.7,433.6,486.8,431.1,0.47,52
188,8020260,8020458,199,490.4,431.8,509.6,508.0,2.08,1153
188,8020700,8020717,18,498.4,433.1,486.8,431.7,0.31,63
188,8021160,8021165,6,492.7,436.4,497.3,429.3,0.22,38
188,8021604,8021620,17,481.8,432.7,473.8,427.4,0.25,55
188,8022132,8022140,9,485.8,429.0,499.3,425.7,0.36,44
188,8022325,8022333,9,497.5,429.7,482.7,424.4,0.41,49
188,8023624,8023637,14,498.4,439.2,494.1,433.1,0.20,41
188,8024095,8024110,16,495.6,429.4,505.8,426.6,0.28,50
188,8024299,8024305,7,500.5,426.7,490.1,423.4,0.29,41
188,8024668,8024689,22,498.8,438.0,468.2,411.4,1.07,107
188,8024880,8024899,20,468.7,424.0,503.1,436.7,0.96,97
189,8027285,8027290,6,494.4,435.7,488.8,429.3,0.22,39
189,8027976,8028143,168,482.7,443.4,504.2,568.7,3.36,921
189,8028682,8028690,9,504.9,446.4,489.8,436.4,0.48,57
189,8029474,8029482,9,488.4,444.0,490.5,428.0,0.43,51
189,8029951,8029969,19,487.4,437.3,478.4,435.3,0.24,61
189,8030908,8030914,7,492.6,448.7,484.6,442.9,0.26,39
190,8033441,8033461,21,457.3,417.9,493.3,418.1,0.94,109
190,8033882,8034071,190,478.7,431.6,493.3,574.8,3.80,1157
190,8034440,8034445,6,480.6,436.1,488.3,434.7,0.21,39
190,8034649,8034657,9,489.4,443.7,473.3,438.4,0.45,54
190,8035326,8035544,219,478.2,452.4,497.6,572.6,3.22,1031
190,8036322,8036328,7,488.2,445.9,497.4,439.3,0.30,44
190,8037617,8037623,7,482.5,432.7,474.1,428.8,0.24,40
190,8038574,8038581,8,487.1,437.9,498.2,429.5,0.37,48
191,8041015,8041225,211,479.2,445.5,500.1,586.1,3.75,1130
191,8042848,8042865,18,490.9,444.2,484.9,427.9,0.46,59
191,8043940,8044122,183,493.1,446.4,506.2,524.0,2.08,1118
192,8047666,8047673,8,511.0,437.0,499.5,430.6,0.35,47
192,8048044,8048242,199,496.3,435.7,511.4,556.7,3.23,1135
192,8049160,8049350,191,486.1,449.6,498.9,526.4,2.06,1193
192,8050124,8050140,17,496.8,426.9,492.1,418.8,0.25,46
192,8050674,8050690,17,491.8,427.7,486.2,422.3,0.21,46
192,8052219,8052226,8,494.4,441.4,497.7,430.2,0.31,41
193,8054562,8054579,18,488.8,432.2,529.0,424.0,1.08,88
193,8054902,8054912,11,511.8,429.2,494.4,419.6,0.52,55
193,8055207,8055422,216,495.0,428.1,519.4,539.3,3.01,1057
193,8056739,8056972,234,493.5,444.4,481.6,498.3,1.46,1191
193,8057095,8057101,7,481.7,428.2,492.9,430.2,0.30,42
193,8057740,8057956,217,484.8,447.7,493.7,484.0,0.99,944
193,8058312,8058329,18,499.6,442.6,481.0,439.9,0.49,62
193,8058919,8058934,16,493.6,437.7,489.1,420.1,0.48,49
193,8059524,8059529,6,493.7,435.3,502.3,430.8,0.26,44
193,8059792,8059807,16,503.4,432.3,503.2,432.0,0.01,53
194,8061088,8061254,167,485.1,432.3,502.7,537.1,2.81,1094
194,8061889,8061896,8,496.4,447.6,499.1,437.8,0.27,37
194,8062605,8062620,16,493.8,438.8,487.0,430.0,0.29,43
194,8063089,8063096,8,486.1,425.0,497.5,420.3,0.32,42
194,8063779,8063785,7,483.1,426.6,489.3,418.4,0.27,42
194,8063995,8064008,14,480.1,419.4,473.2,422.8,0.20,45
194,8064953,8065118,166,483.3,439.1,494.0,476.4,1.03,1243
194,8066278,8066283,6,495.8,429.4,495.5,420.3,0.24,39
195,8068686,8068694,9,515.5,439.6,498.7,434.5,0.46,55
195,8072725,8072733,9,486.0,427.8,486.6,415.2,0.33,41
195,8073531,8073537,7,481.5,426.5,474.2,418.4,0.29,44
196,8075235,8075255,21,506.1,433.5,488.7,413.4,0.70,82
196,8075725,8075730,6,499.5,430.1,507.8,434.3,0.24,42
196,8075768,8075982,215,499.1,439.3,504.9,553.9,3.04,1179
196,8077369,8077374,6,486.6,435.1,485.0,425.9,0.25,41
196,8077638,8077644,7,480.0,420.8,469.1,419.6,0.29,43
196,8081077,8081084,8,500.9,423.9,490.9,414.8,0.36,49
197,8082652,8082844,193,477.8,403.5,498.0,438.0,1.06,1200
197,8083229,8083234,6,494.9,405.3,503.6,409.7,0.26,41
197,8083776,8083782,7,501.7,417.3,491.6,413.3,0.29,43
197,8084543,8084700,158,486.3,428.5,502.9,467.1,1.11,1060
197,8085296,8085305,10,508.7,441.2,495.7,427.6,0.50,55
197,8085836,8085851,16,497.7,423.1,505.0,417.7,0.24,44
197,8086873,8086889,17,499.2,428.4,497.2,408.2,0.54,57
197,8087152,8087308,157,493.8,420.3,506.5,467.5,1.30,1043
198,8089903,8089907,5,498.3,423.1,492.4,418.6,0.20,39
198,8090417,8090625,209,481.8,431.4,505.8,456.0,0.91,1156
198,8091430,8091437,8,488.3,436.3,490.8,425.0,0.31,42
198,8092321,8092328,8,503.3,420.1,508.9,411.5,0.27,39
198,8092548,8092564,17,502.8,416.1,492.2,416.6,0.28,46
198,8093460,8093474,15,497.7,422.8,493.0,415.2,0.24,40
198,8094135,8094140,6,495.8,425.6,503.4,421.9,0.22,38
198,8094757,8094763,7,488.9,419.1,484.2,408.8,0.30,42
199,8096242,8096446,205,479.3,419.0,497.4,458.3,1.15,1053
199,8097641,8097647,7,495.9,422.6,506.8,420.2,0.29,42
199,8097875,8097894,20,502.7,420.6,480.9,416.4,0.58,83
199,8098187,8098208,22,479.3,417.1,503.6,416.8,0.64,92
199,8098458,8098474,17,500.7,419.8,488.9,413.9,0.35,57
199,8099351,8099356,6,485.4,425.0,485.3,416.2,0.23,40
199,8100287,8100303,17,486.5,433.1,482.3,424.1,0.26,49
200,8104021,8104220,200,495.7,431.9,496.6,524.2,2.45,1090
200,8104672,8104686,15,484.7,429.0,482.7,415.8,0.35,44
200,8104890,8105061,172,477.8,429.0,491.7,453.2,0.74,899
200,8105949,8105964,16,490.1,429.1,486.3,429.5,0.10,40
200,8106585,8106802,218,477.6,434.0,497.7,521.4,2.37,1209
200,8107095,8107103,9,485.7,431.6,487.3,416.2,0.41,51
200,8107874,8107884,11,497.0,430.3,483.3,420.6,0.44,50
200,8108536,8108552,17,503.4,427.7,497.3,422.6,0.21,48
201,8111061,8111066,6,491.1,443.6,495.0,433.6,0.28,46
201,8111264,8111457,194,488.3,437.9,504.4,578.3,3.73,1078
201,8112387,8112394,8,493.1,442.1,498.5,433.4,0.27,38
201,8112880,8112898,19,490.9,431.0,475.4,429.8,0.41,62
201,8113093,8113099,7,478.6,429.8,489.9,430.4,0.30,43
201,8113404,8113641,238,486.4,433.3,508.2,541.7,2.92,1128
201,8114074,8114081,8,494.1,435.2,505.7,425.6,0.40,51
201,8115070,8115076,7,480.5,424.0,492.6,421.3,0.33,46
201,8115366,8115385,20,487.7,423.2,475.5,416.3,0.37,68
201,8115637,8115653,17,477.3,423.1,488.0,421.2,0.29,53
202,8117629,8117641,13,490.7,431.2,489.4,409.8,0.57,54
202,8118622,8118833,212,485.4,421.8,508.7,573.7,4.06,1089
202,8119953,8119959,7,496.1,433.7,486.8,430.2,0.26,41
202,8120172,8120179,8,487.0,431.0,500.7,433.2,0.36,49
202,8120709,8120725,17,493.9,435.4,476.3,424.1,0.55,69
202,8120813,8120841,29,481.0,427.4,505.7,425.4,0.65,121
202,8120894,8120927,34,514.8,429.6,468.4,422.3,1.23,197
202,8121039,8121057,19,462.2,421.7,496.6,421.5,0.90,95
203,8125230,8125236,7,497.8,449.2,493.6,440.0,0.27,40
203,8125705,8125712,8,490.6,438.1,500.1,429.3,0.34,47
203,8126636,8126862,227,488.3,434.5,508.0,614.8,4.79,1075
203,8128461,8128478,18,491.2,425.6,478.7,416.6,0.41,58
203,8128634,8128650,17,486.4,417.7,500.4,416.3,0.37,56
203,8128947,8128962,16,497.2,415.6,489.3,417.3,0.21,41
204,8132157,8132339,183,486.4,440.4,506.4,566.9,3.38,1052
204,8132879,8132887,9,493.5,433.1,508.6,429.5,0.41,50
204,8134166,8134173,8,493.3,428.3,480.7,417.3,0.44,56
204,8134765,8134772,8,485.9,427.8,497.4,424.7,0.31,43
205,8138982,8139002,21,505.0,416.5,488.6,404.6,0.53,69
205,8139222,8139231,10,486.2,410.7,502.9,415.0,0.45,50
205,8139429,8139672,244,495.8,425.5,497.9,479.8,1.44,1090
205,8140587,8140594,8,486.1,426.8,475.4,419.1,0.35,47
205,8141490,8141496,7,481.6,425.0,492.1,420.5,0.30,45
205,8141759,8141776,18,488.5,428.3,481.4,415.9,0.38,58
205,8142106,8142111,6,492.2,424.6,499.9,423.0,0.21,39
205,8142362,8142547,186,489.5,424.9,503.0,458.1,0.95,956
205,8143566,8143572,7,504.5,428.8,495.0,424.2,0.28,43
206,8146445,8146626,182,502.8,434.6,504.7,455.0,0.54,1156
206,8147424,8147430,7,496.8,422.3,486.8,415.6,0.32,47
206,8148238,8148254,17,494.1,412.7,488.0,405.2,0.26,47
206,8148626,8148645,20,481.6,417.4,499.1,410.1,0.50,67
206,8148709,8148740,32,496.0,413.6,463.0,407.8,0.88,155
206,8148847,8148866,20,453.7,406.8,488.7,408.0,0.92,94
206,8149151,8149157,7,482.6,410.0,492.9,411.1,0.27,40
207,8154555,8154770,216,486.2,435.2,501.7,502.1,1.82,1125
207,8155241,8155257,17,500.3,440.7,487.5,440.1,0.34,51
207,8155588,8155593,6,492.9,446.8,501.4,443.2,0.24,43
207,8157186,8157193,8,496.2,443.3,490.5,432.3,0.33,44
207,8158029,8158034,6,496.9,437.9,489.6,431.6,0.25,42
208,8160296,8160302,7,501.8,425.8,490.6,423.4,0.30,44
208,8160608,8160793,186,486.8,442.4,490.2,473.8,0.84,1088
208,8161901,8161906,6,492.8,426.8,484.8,423.3,0.23,42
208,8162275,8162518,244,478.1,432.5,503.3,568.3,3.65,842
208,8163137,8163540,404,494.8,433.4,494.7,422.6,0.29,1176
208,8163807,8163824,18,497.4,419.2,478.4,415.5,0.51,70
208,8164034,8164231,198,478.5,429.5,497.5,488.8,1.65,988
208,8165203,8165223,21,502.6,420.2,480.5,418.8,0.58,85
208,8165385,8165403,19,480.4,414.8,499.5,411.7,0.51,73
209,8167556,8167572,17,505.8,432.4,475.1,407.6,1.04,96
209,8167759,8167776,18,475.3,420.7,505.9,423.4,0.81,72
209,8168022,8168208,187,484.5,433.9,519.3,546.2,3.11,1053
209,8168926,8168931,6,505.0,434.4,512.9,431.4,0.22,38
209,8169163,8169180,18,512.8,435.1,497.0,427.8,0.46,65
209,8171356,8171362,7,488.9,413.7,498.6,414.1,0.25,38
209,8171650,8171657,8,494.4,414.6,481.5,409.9,0.36,49
209,8171943,8171951,9,486.2,410.3,501.1,408.1,0.40,48
209,8172152,8172170,19,500.4,410.2,484.1,407.7,0.43,72
209,8172437,8172459,23,481.2,406.9,508.4,399.6,0.74,99
210,8174073,8174096,24,476.3,411.5,523.0,412.9,1.23,126
210,8174420,8174429,10,515.8,421.1,497.3,420.1,0.49,54
210,8175488,8175497,10,483.4,433.2,501.2,424.6,0.52,58
210,8175724,8175731,8,497.7,430.5,483.6,426.7,0.38,50
210,8176061,8176268,208,479.1,430.0,501.5,519.6,2.45,965
210,8177388,8177607,220,496.5,434.0,501.6,482.4,1.29,1166
210,8177916,8177922,7,495.0,434.1,505.3,434.4,0.27,41
210,8178403,8178410,8,497.1,443.1,508.8,433.6,0.40,53
210,8178640,8178650,11,507.5,438.5,488.6,429.5,0.55,58
211,8181509,8182067,559,497.3,452.0,548.0,438.7,1.38,1156
211,8182215,8182245,31,549.5,438.1,492.1,425.4,1.54,225
211,8182307,8182442,136,476.2,430.6,461.0,415.9,0.56,1281
211,8182558,8182587,30,456.2,434.6,488.1,428.5,0.85,131
211,8183017,8183034,18,493.1,424.6,486.0,410.7,0.41,63
211,8183431,8183605,175,487.9,418.8,505.7,460.6,1.20,1123
211,8184844,8184860,17,492.8,418.6,499.2,395.4,0.64,55
211,8185089,8185107,19,498.7,410.1,485.4,416.8,0.39,72
211,8185288,8185305,18,487.7,416.0,502.1,415.5,0.38,58
211,8185576,8185594,19,491.5,415.8,479.6,411.9,0.33,69
211,8185853,8185858,6,489.4,415.2,497.4,413.1,0.22,39
211,8186545,8186552,8,506.3,409.2,502.4,398.2,0.31,44
212,8188651,8188821,171,502.6,427.1,497.1,685.8,6.80,746
212,8189096,8189102,7,499.1,400.2,491.3,406.5,0.26,39
212,8189435,8189442,8,487.2,422.3,503.3,417.8,0.44,55
212,8189747,8189763,17,490.9,420.3,481.4,403.2,0.52,57
212,8190113,8190135,23,477.3,399.1,501.7,411.7,0.72,88
212,8190307,8190326,20,497.3,415.8,479.1,409.0,0.51,75
212,8190881,8191106,226,470.9,423.3,491.8,475.2,1.48,1141
212,8194023,8194039,17,489.3,423.7,482.8,425.5,0.18,47
213,8195899,8195907,9,500.8,433.9,484.4,428.2,0.46,55
213,8196692,8196918,227,492.7,442.0,500.0,474.3,0.88,1154
213,8197965,8197974,10,492.0,434.4,480.5,421.7,0.45,50
214,8203927,8203945,19,497.2,423.7,490.8,417.9,0.23,53
214,8204221,8204418,198,484.8,428.2,512.9,558.9,3.54,919
214,8205589,8205595,7,498.1,444.1,489.1,436.8,0.31,45
214,8206051,8206057,7,494.4,433.4,506.1,433.6,0.31,44
214,8206336,8206352,17,500.6,437.6,495.7,430.4,0.23,47
214,8206623,8206638,16,494.4,437.3,508.2,436.1,0.36,51
214,8206746,8206763,18,501.7,435.9,492.3,435.8,0.25,53
215,8210883,8211133,251,478.4,439.2,499.7,558.7,3.21,1108
215,8211908,8212139,232,484.2,448.3,512.3,598.9,4.04,1106
215,8212793,8212798,6,495.1,428.6,502.6,426.1,0.21,37
215,8213719,8213967,249,491.0,442.1,520.4,617.1,4.68,984
215,8215132,8215146,15,497.8,434.9,489.5,429.2,0.27,46
216,8216929,8216945,17,519.4,444.5,490.2,423.2,0.95,89
216,8217337,8217534,198,481.2,435.9,504.1,509.2,2.03,1226
216,8217761,8217770,10,496.8,422.6,513.7,433.6,0.53,59
216,8217995,8218007,13,507.9,435.3,484.2,431.9,0.63,62
216,8218499,8218513,15,495.5,446.4,518.7,424.7,0.84,76
216,8218814,8218836,23,515.8,433.2,508.6,433.9,0.19,75
216,8220066,8220079,14,528.1,441.4,523.1,413.9,0.74,69
216,8220956,8220974,19,545.2,431.2,538.9,406.9,0.67,76
216,8222693,8222726,34,539.7,422.8,481.3,523.7,3.08,296
216,8222954,8222986,33,469.7,513.2,530.9,445.5,2.41,276
217,8224086,8224280,195,528.8,381.2,550.7,423.9,1.27,992
217,8224578,8224588,11,548.4,404.6,555.2,427.3,0.63,67
217,8225012,8225220,209,540.5,434.1,553.3,524.1,2.41,746
217,8225448,8225466,19,539.0,435.2,529.1,413.7,0.63,80
217,8226521,8226535,15,523.8,431.3,523.7,419.8,0.31,42
217,8227174,8227386,213,510.1,423.8,531.6,511.4,2.39,1131
217,8228355,8228371,17,510.8,432.4,501.7,430.3,0.25,52
217,8229299,8229306,8,498.7,424.6,500.3,413.7,0.29,40
218,8230940,8230950,11,490.4,426.7,470.9,416.0,0.59,62
218,8231269,8231277,9,482.5,420.2,497.4,422.3,0.40,49
218,8231392,8231617,226,491.4,435.1,500.3,584.0,3.94,1022
218,8233526,8233533,8,502.5,437.5,498.0,425.3,0.34,45
218,8236365,8236372,8,502.8,427.3,505.7,415.9,0.31,42
219,8238193,8238201,9,518.3,442.6,503.0,437.7,0.42,51
219,8238463,8238472,10,500.9,436.0,488.4,425.4,0.43,49
219,8238693,8238699,7,491.8,430.8,504.2,428.5,0.33,48
219,8241711,8241890,180,481.6,444.1,490.7,511.4,1.80,1097
219,8242147,8242154,8,490.1,433.6,504.9,438.3,0.41,53
219,8242375,8242390,16,505.0,444.3,489.7,441.6,0.41,55
219,8242884,8242890,7,498.6,443.0,505.4,434.3,0.29,41
